wav,flam
3900.0,0.0
3902.5,0.0
3905.0,0.0
3907.5,0.0
3910.0,0.0
3912.5,0.0
3915.0,0.0
3917.5,0.0
3920.0,0.0
3922.5,0.0
3925.0,0.0
3927.5,0.0
3930.0,0.0
3932.5,0.0
3935.0,0.0
3937.5,0.0
3940.0,0.0
3942.5,0.0
3945.0,0.0
3947.5,0.0
3950.0,0.0
3952.5,0.0
3955.0,0.0
3957.5,0.0
3960.0,0.0
3962.5,0.0
3965.0,0.0
3967.5,0.0
3970.0,0.0
3972.5,0.0
3975.0,0.0
3977.5,0.0
3980.0,0.0
3982.5,0.0
3985.0,0.0
3987.5,0.0
3990.0,0.0
3992.5,0.0
3995.0,0.0
3997.5,0.0
4000.0,0.0
4002.5,0.0
4005.0,0.0
4007.5,0.0
4010.0,0.0
4012.5,0.0
4015.0,0.0
4017.5,0.0
4020.0,0.0
4022.5,0.0
4025.0,0.0
4027.5,0.0
4030.0,0.0
4032.5,0.0
4035.0,0.0
4037.5,0.0
4040.0,0.0
4042.5,0.0
4045.0,0.0
4047.5,8.957866e-15
4050.0,6.840699e-15
4052.5,9.206048e-15
4055.0,7.392752e-15
4057.5,1.036066e-14
4060.0,6.479795e-15
4062.5,9.958061e-15
4065.0,8.336518e-15
4067.5,9.115856e-15
4070.0,9.663646e-15
4072.5,1.023014e-14
4075.0,8.562212e-15
4077.5,8.003236e-15
4080.0,8.607846e-15
4082.5,9.811693e-15
4085.0,9.179888e-15
4087.5,8.301495e-15
4090.0,7.780981e-15
4092.5,5.940147e-15
4095.0,1.056009e-14
4097.5,9.254601e-15
4100.0,6.819704e-15
4102.5,8.894186e-15
4105.0,9.01195e-15
4107.5,7.956768e-15
4110.0,8.468696e-15
4112.5,9.759105e-15
4115.0,8.372766e-15
4117.5,5.359765e-15
4120.0,6.754577e-15
4122.5,8.026053e-15
4125.0,7.109243e-15
4127.5,7.783681e-15
4130.0,7.393705e-15
4132.5,8.276678e-15
4135.0,8.832013e-15
4137.5,8.734205e-15
4140.0,8.034353e-15
4142.5,7.101367e-15
4145.0,8.358726e-15
4147.5,8.660117e-15
4150.0,9.579987e-15
4152.5,9.044448e-15
4155.0,9.188055e-15
4157.5,9.580335e-15
4160.0,5.90174e-15
4162.5,9.254154e-15
4165.0,9.572887e-15
4167.5,7.41671e-15
4170.0,7.344208e-15
4172.5,8.840075e-15
4175.0,7.510949e-15
4177.5,6.516241e-15
4180.0,9.241581e-15
4182.5,9.53117e-15
4185.0,9.561325e-15
4187.5,9.282728e-15
4190.0,9.578366e-15
4192.5,8.277436e-15
4195.0,9.362613e-15
4197.5,8.446029e-15
4200.0,1.01723e-14
4202.5,8.642747e-15
4205.0,8.152624e-15
4207.5,6.502971e-15
4210.0,8.829233e-15
4212.5,1.056716e-14
4215.0,9.727719e-15
4217.5,8.944094e-15
4220.0,6.464731e-15
4222.5,8.409096e-15
4225.0,1.007716e-14
4227.5,8.725823e-15
4230.0,9.698566e-15
4232.5,9.622807e-15
4235.0,9.386878e-15
4237.5,9.367818e-15
4240.0,8.218361e-15
4242.5,8.515804e-15
4245.0,1.029695e-14
4247.5,9.373799e-15
4250.0,8.612491e-15
4252.5,8.970963e-15
4255.0,9.741773e-15
4257.5,9.282971e-15
4260.0,9.15164e-15
4262.5,8.761283e-15
4265.0,7.953938e-15
4267.5,9.167767e-15
4270.0,8.602085e-15
4272.5,8.754185e-15
4275.0,8.177998e-15
4277.5,7.730003e-15
4280.0,8.26682e-15
4282.5,7.998508e-15
4285.0,8.024386e-15
4287.5,7.881532e-15
4290.0,8.597632e-15
4292.5,7.824128e-15
4295.0,7.229804e-15
4297.5,8.9111e-15
4300.0,9.449972e-15
4302.5,8.484832e-15
4305.0,8.054439e-15
4307.5,7.6724e-15
4310.0,7.360502e-15
4312.5,7.726912e-15
4315.0,8.276671e-15
4317.5,7.919663e-15
4320.0,8.607662e-15
4322.5,9.284688e-15
4325.0,9.41234e-15
4327.5,9.769536e-15
4330.0,9.405262e-15
4332.5,8.989247e-15
4335.0,8.544904e-15
4337.5,8.910862e-15
4340.0,9.710371e-15
4342.5,9.700883e-15
4345.0,1.038523e-14
4347.5,1.006905e-14
4350.0,8.411979e-15
4352.5,9.166031e-15
4355.0,9.358948e-15
4357.5,9.678731e-15
4360.0,9.520981e-15
4362.5,9.490349e-15
4365.0,8.979127e-15
4367.5,9.502758e-15
4370.0,9.33419e-15
4372.5,8.91578e-15
4375.0,9.684111e-15
4377.5,8.966015e-15
4380.0,8.295994e-15
4382.5,7.802179e-15
4385.0,7.637829e-15
4387.5,8.952361e-15
4390.0,8.417705e-15
4392.5,7.845643e-15
4395.0,8.630101e-15
4397.5,8.532288e-15
4400.0,7.878385e-15
4402.5,9.464503e-15
4405.0,8.641859e-15
4407.5,8.196171e-15
4410.0,8.03007e-15
4412.5,7.38851e-15
4415.0,8.096383e-15
4417.5,8.925058e-15
4420.0,9.380618e-15
4422.5,8.7727e-15
4425.0,8.351359e-15
4427.5,8.52423e-15
4430.0,8.514351e-15
4432.5,8.455827e-15
4435.0,7.38849e-15
4437.5,7.97181e-15
4440.0,8.272416e-15
4442.5,8.85429e-15
4445.0,8.22326e-15
4447.5,9.402179e-15
4450.0,9.146382e-15
4452.5,8.673316e-15
4455.0,8.583482e-15
4457.5,8.58456e-15
4460.0,7.399966e-15
4462.5,8.231987e-15
4465.0,8.870052e-15
4467.5,9.030454e-15
4470.0,8.605798e-15
4472.5,8.503783e-15
4475.0,8.558568e-15
4477.5,9.141447e-15
4480.0,8.919802e-15
4482.5,8.331831e-15
4485.0,8.822674e-15
4487.5,8.782653e-15
4490.0,8.41314e-15
4492.5,8.132839e-15
4495.0,7.985317e-15
4497.5,8.735974e-15
4500.0,8.702844e-15
4502.5,8.746646e-15
4505.0,8.855169e-15
4507.5,8.751825e-15
4510.0,8.42713e-15
4512.5,7.363331e-15
4515.0,8.012528e-15
4517.5,8.795682e-15
4520.0,8.759899e-15
4522.5,7.945853e-15
4525.0,8.127152e-15
4527.5,8.248548e-15
4530.0,8.901157e-15
4532.5,9.119342e-15
4535.0,8.388367e-15
4537.5,8.920121e-15
4540.0,8.390432e-15
4542.5,8.546128e-15
4545.0,8.363561e-15
4547.5,7.855998e-15
4550.0,8.182963e-15
4552.5,8.479567e-15
4555.0,8.249787e-15
4557.5,8.511973e-15
4560.0,8.839534e-15
4562.5,8.532786e-15
4565.0,8.669248e-15
4567.5,8.540374e-15
4570.0,8.257881e-15
4572.5,8.941054e-15
4575.0,8.870955e-15
4577.5,8.631495e-15
4580.0,8.131294e-15
4582.5,8.15748e-15
4585.0,8.748152e-15
4587.5,9.079631e-15
4590.0,8.979598e-15
4592.5,8.916057e-15
4595.0,8.774838e-15
4597.5,8.642198e-15
4600.0,8.975832e-15
4602.5,8.849823e-15
4605.0,8.541508e-15
4607.5,8.046383e-15
4610.0,8.577929e-15
4612.5,8.321062e-15
4615.0,8.631684e-15
4617.5,8.500139e-15
4620.0,8.595311e-15
4622.5,8.588057e-15
4625.0,8.569719e-15
4627.5,8.228374e-15
4630.0,8.272098e-15
4632.5,8.834621e-15
4635.0,8.565525e-15
4637.5,8.650016e-15
4640.0,8.595856e-15
4642.5,8.509186e-15
4645.0,8.327983e-15
4647.5,8.596509e-15
4650.0,8.442521e-15
4652.5,9.260188e-15
4655.0,8.653891e-15
4657.5,8.319796e-15
4660.0,8.450445e-15
4662.5,8.889134e-15
4665.0,8.504965e-15
4667.5,8.494125e-15
4670.0,8.785964e-15
4672.5,8.587774e-15
4675.0,8.495279e-15
4677.5,8.519467e-15
4680.0,8.973939e-15
4682.5,8.894397e-15
4685.0,8.670946e-15
4687.5,8.392462e-15
4690.0,8.564703e-15
4692.5,8.025742e-15
4695.0,8.472576e-15
4697.5,8.430732e-15
4700.0,8.142025e-15
4702.5,7.268868e-15
4705.0,8.434361e-15
4707.5,8.81702e-15
4710.0,8.500053e-15
4712.5,8.803935e-15
4715.0,8.375753e-15
4717.5,8.352356e-15
4720.0,8.362385e-15
4722.5,8.258551e-15
4725.0,8.667714e-15
4727.5,8.539662e-15
4730.0,8.414559e-15
4732.5,9.05515e-15
4735.0,8.82835e-15
4737.5,8.241061e-15
4740.0,8.317747e-15
4742.5,8.501327e-15
4745.0,8.909963e-15
4747.5,8.311872e-15
4750.0,8.194511e-15
4752.5,8.208731e-15
4755.0,8.554749e-15
4757.5,8.429402e-15
4760.0,8.390605e-15
4762.5,8.387839e-15
4765.0,8.728119e-15
4767.5,8.409735e-15
4770.0,7.843521e-15
4772.5,8.057847e-15
4775.0,8.291921e-15
4777.5,8.687298e-15
4780.0,8.633381e-15
4782.5,8.62527e-15
4785.0,8.594714e-15
4787.5,8.319124e-15
4790.0,8.445952e-15
4792.5,8.285864e-15
4795.0,8.327722e-15
4797.5,8.435747e-15
4800.0,8.529364e-15
4802.5,8.341526e-15
4805.0,8.643659e-15
4807.5,8.336569e-15
4810.0,8.381208e-15
4812.5,8.541253e-15
4815.0,8.537715e-15
4817.5,8.390029e-15
4820.0,8.273011e-15
4822.5,8.485105e-15
4825.0,8.070061e-15
4827.5,8.518786e-15
4830.0,8.608885e-15
4832.5,8.436038e-15
4835.0,8.38724e-15
4837.5,8.583468e-15
4840.0,8.660315e-15
4842.5,8.677426e-15
4845.0,8.978423e-15
4847.5,9.183742e-15
4850.0,9.139347e-15
4852.5,9.505139e-15
4855.0,9.759023e-15
4857.5,9.4602e-15
4860.0,9.261256e-15
4862.5,9.111978e-15
4865.0,8.914533e-15
4867.5,8.511675e-15
4870.0,8.699256e-15
4872.5,8.682219e-15
4875.0,8.414486e-15
4877.5,8.277382e-15
4880.0,8.258196e-15
4882.5,8.133196e-15
4885.0,8.479457e-15
4887.5,8.447817e-15
4890.0,8.225711e-15
4892.5,8.304333e-15
4895.0,8.359327e-15
4897.5,8.034844e-15
4900.0,8.023614e-15
4902.5,8.15334e-15
4905.0,8.242014e-15
4907.5,8.279047e-15
4910.0,8.120069e-15
4912.5,8.203772e-15
4915.0,8.091402e-15
4917.5,7.874493e-15
4920.0,7.968381e-15
4922.5,8.228131e-15
4925.0,8.248217e-15
4927.5,7.94563e-15
4930.0,7.921029e-15
4932.5,8.479852e-15
4935.0,8.285579e-15
4937.5,8.335633e-15
4940.0,8.263094e-15
4942.5,8.212126e-15
4945.0,8.008424e-15
4947.5,8.179087e-15
4950.0,8.524583e-15
4952.5,8.274373e-15
4955.0,8.072049e-15
4957.5,8.075937e-15
4960.0,8.192772e-15
4962.5,8.264701e-15
4965.0,8.250569e-15
4967.5,8.284407e-15
4970.0,7.967572e-15
4972.5,8.308765e-15
4975.0,8.238374e-15
4977.5,8.203263e-15
4980.0,8.285832e-15
4982.5,8.283135e-15
4985.0,8.370823e-15
4987.5,8.022598e-15
4990.0,8.278427e-15
4992.5,8.348338e-15
4995.0,8.238168e-15
4997.5,8.076734e-15
5000.0,8.255642e-15
5002.5,8.286321e-15
5005.0,8.367968e-15
5007.5,8.143782e-15
5010.0,8.058537e-15
5012.5,7.874381e-15
5015.0,7.940177e-15
5017.5,8.309567e-15
5020.0,8.40672e-15
5022.5,8.271112e-15
5025.0,8.367886e-15
5027.5,8.327205e-15
5030.0,8.308911e-15
5032.5,8.164532e-15
5035.0,7.954057e-15
5037.5,7.998135e-15
5040.0,8.273936e-15
5042.5,8.402024e-15
5045.0,7.96971e-15
5047.5,8.133448e-15
5050.0,8.066147e-15
5052.5,7.717345e-15
5055.0,7.940798e-15
5057.5,8.070671e-15
5060.0,8.158161e-15
5062.5,8.187436e-15
5065.0,7.762362e-15
5067.5,7.89571e-15
5070.0,7.955895e-15
5072.5,7.721475e-15
5075.0,7.92825e-15
5077.5,8.182747e-15
5080.0,8.144238e-15
5082.5,7.90307e-15
5085.0,7.975858e-15
5087.5,7.877273e-15
5090.0,8.156655e-15
5092.5,7.820058e-15
5095.0,7.822452e-15
5097.5,8.305614e-15
5100.0,8.158824e-15
5102.5,8.223209e-15
5105.0,8.370312e-15
5107.5,8.318306e-15
5110.0,8.128227e-15
5112.5,8.283515e-15
5115.0,8.131552e-15
5117.5,7.983714e-15
5120.0,7.85032e-15
5122.5,7.791048e-15
5125.0,8.095152e-15
5127.5,8.096641e-15
5130.0,7.942841e-15
5132.5,7.934507e-15
5135.0,7.905202e-15
5137.5,7.767329e-15
5140.0,8.021842e-15
5142.5,7.854481e-15
5145.0,7.904844e-15
5147.5,8.079032e-15
5150.0,7.967785e-15
5152.5,8.00804e-15
5155.0,8.150845e-15
5157.5,8.112525e-15
5160.0,7.790318e-15
5162.5,7.694921e-15
5165.0,7.830176e-15
5167.5,7.798839e-15
5170.0,7.967499e-15
5172.5,7.944759e-15
5175.0,7.738095e-15
5177.5,7.821875e-15
5180.0,7.714792e-15
5182.5,7.664528e-15
5185.0,7.765735e-15
5187.5,7.812746e-15
5190.0,7.758315e-15
5192.5,7.705139e-15
5195.0,7.962206e-15
5197.5,7.964216e-15
5200.0,7.713891e-15
5202.5,7.616192e-15
5205.0,7.687521e-15
5207.5,7.886411e-15
5210.0,7.935702e-15
5212.5,8.115782e-15
5215.0,7.949736e-15
5217.5,7.759776e-15
5220.0,7.546699e-15
5222.5,7.541211e-15
5225.0,7.692519e-15
5227.5,7.692462e-15
5230.0,7.750708e-15
5232.5,7.617824e-15
5235.0,7.580985e-15
5237.5,7.537479e-15
5240.0,7.681699e-15
5242.5,7.77513e-15
5245.0,7.888176e-15
5247.5,7.767194e-15
5250.0,7.649576e-15
5252.5,7.582857e-15
5255.0,7.61707e-15
5257.5,7.49424e-15
5260.0,7.575017e-15
5262.5,7.500604e-15
5265.0,7.435482e-15
5267.5,7.368429e-15
5270.0,7.326464e-15
5272.5,7.351359e-15
5275.0,7.325967e-15
5277.5,7.638872e-15
5280.0,7.782886e-15
5282.5,7.507819e-15
5285.0,7.624512e-15
5287.5,7.760953e-15
5290.0,7.723506e-15
5292.5,7.490847e-15
5295.0,7.625983e-15
5297.5,7.664363e-15
5300.0,7.580407e-15
5302.5,7.626403e-15
5305.0,7.651113e-15
5307.5,7.258481e-15
5310.0,7.393906e-15
5312.5,7.464344e-15
5315.0,7.46953e-15
5317.5,7.577917e-15
5320.0,7.540531e-15
5322.5,7.616759e-15
5325.0,7.355433e-15
5327.5,7.47006e-15
5330.0,7.467973e-15
5332.5,7.495909e-15
5335.0,7.762217e-15
5337.5,7.714675e-15
5340.0,7.464748e-15
5342.5,7.296498e-15
5345.0,7.624421e-15
5347.5,7.648582e-15
5350.0,7.406119e-15
5352.5,7.421698e-15
5355.0,7.479278e-15
5357.5,7.544209e-15
5360.0,7.603739e-15
5362.5,7.599112e-15
5365.0,7.382241e-15
5367.5,7.554804e-15
5370.0,7.523783e-15
5372.5,7.375226e-15
5375.0,7.367345e-15
5377.5,7.599469e-15
5380.0,7.724137e-15
5382.5,7.564493e-15
5385.0,7.5089e-15
5387.5,7.6379e-15
5390.0,7.565742e-15
5392.5,7.434854e-15
5395.0,7.32427e-15
5397.5,7.484753e-15
5400.0,7.455599e-15
5402.5,7.621663e-15
5405.0,7.742263e-15
5407.5,7.442361e-15
5410.0,7.313972e-15
5412.5,7.517628e-15
5415.0,7.384188e-15
5417.5,7.370557e-15
5420.0,7.506158e-15
5422.5,7.374847e-15
5425.0,7.588698e-15
5427.5,7.57354e-15
5430.0,7.407447e-15
5432.5,7.426937e-15
5435.0,7.3953e-15
5437.5,7.235881e-15
5440.0,7.422201e-15
5442.5,7.416631e-15
5445.0,7.450403e-15
5447.5,7.563986e-15
5450.0,7.523085e-15
5452.5,7.34648e-15
5455.0,7.234196e-15
5457.5,7.361432e-15
5460.0,7.442257e-15
5462.5,7.505461e-15
5465.0,7.50643e-15
5467.5,7.709724e-15
5470.0,7.661078e-15
5472.5,7.338708e-15
5475.0,7.516266e-15
5477.5,7.655621e-15
5480.0,7.370777e-15
5482.5,7.301663e-15
5485.0,7.485206e-15
5487.5,7.51142e-15
5490.0,7.442944e-15
5492.5,7.329563e-15
5495.0,7.106191e-15
5497.5,7.167831e-15
5500.0,7.315674e-15
5502.5,7.434928e-15
5505.0,7.356084e-15
5507.5,7.300264e-15
5510.0,7.333486e-15
5512.5,7.354042e-15
5515.0,7.449413e-15
5517.5,7.519831e-15
5520.0,7.294848e-15
5522.5,7.262687e-15
5525.0,7.270984e-15
5527.5,7.346788e-15
5530.0,7.256065e-15
5532.5,7.400993e-15
5535.0,7.3333e-15
5537.5,7.086777e-15
5540.0,7.215371e-15
5542.5,7.212331e-15
5545.0,7.22831e-15
5547.5,7.216303e-15
5550.0,7.23778e-15
5552.5,7.237983e-15
5555.0,7.254719e-15
5557.5,7.346937e-15
5560.0,7.339822e-15
5562.5,7.381213e-15
5565.0,7.309363e-15
5567.5,7.264579e-15
5570.0,7.166357e-15
5572.5,6.948915e-15
5575.0,6.634816e-15
5577.5,8.033324e-15
5580.0,8.334429e-15
5582.5,7.653352e-15
5585.0,7.370172e-15
5587.5,7.304614e-15
5590.0,7.261765e-15
5592.5,7.175624e-15
5595.0,7.245301e-15
5597.5,7.076326e-15
5600.0,7.25223e-15
5602.5,7.312712e-15
5605.0,7.322059e-15
5607.5,7.467784e-15
5610.0,7.525198e-15
5612.5,7.287583e-15
5615.0,7.098535e-15
5617.5,7.187966e-15
5620.0,7.181746e-15
5622.5,7.197064e-15
5625.0,7.363792e-15
5627.5,7.300934e-15
5630.0,7.300507e-15
5632.5,7.159662e-15
5635.0,7.230268e-15
5637.5,7.249005e-15
5640.0,7.201924e-15
5642.5,7.338493e-15
5645.0,7.36318e-15
5647.5,7.086105e-15
5650.0,7.235726e-15
5652.5,6.994952e-15
5655.0,6.928527e-15
5657.5,7.165537e-15
5660.0,7.193735e-15
5662.5,7.119249e-15
5665.0,7.230105e-15
5667.5,7.207449e-15
5670.0,7.116205e-15
5672.5,7.196905e-15
5675.0,7.273307e-15
5677.5,7.195482e-15
5680.0,6.95383e-15
5682.5,6.918309e-15
5685.0,6.972034e-15
5687.5,7.09742e-15
5690.0,7.128289e-15
5692.5,7.063719e-15
5695.0,7.135126e-15
5697.5,7.073485e-15
5700.0,7.071477e-15
5702.5,7.327164e-15
5705.0,7.319518e-15
5707.5,7.134065e-15
5710.0,6.979578e-15
5712.5,7.086598e-15
5715.0,7.149927e-15
5717.5,7.097733e-15
5720.0,7.172413e-15
5722.5,7.220285e-15
5725.0,7.058562e-15
5727.5,7.227997e-15
5730.0,7.2675e-15
5732.5,7.20496e-15
5735.0,7.19384e-15
5737.5,7.108333e-15
5740.0,7.134777e-15
5742.5,6.965978e-15
5745.0,6.959478e-15
5747.5,6.9614e-15
5750.0,6.934782e-15
5752.5,7.154127e-15
5755.0,7.096511e-15
5757.5,7.059378e-15
5760.0,7.055355e-15
5762.5,7.106736e-15
5765.0,7.147527e-15
5767.5,7.148689e-15
5770.0,6.940267e-15
5772.5,7.052071e-15
5775.0,7.19259e-15
5777.5,7.033087e-15
5780.0,7.174876e-15
5782.5,7.113428e-15
5785.0,7.205856e-15
5787.5,7.139451e-15
5790.0,6.996083e-15
5792.5,6.969587e-15
5795.0,7.00816e-15
5797.5,7.03614e-15
5800.0,7.073519e-15
5802.5,7.085524e-15
5805.0,7.193272e-15
5807.5,7.125339e-15
5810.0,7.234725e-15
5812.5,7.296432e-15
5815.0,7.281324e-15
5817.5,7.16518e-15
5820.0,7.141281e-15
5822.5,7.177044e-15
5825.0,7.301353e-15
5827.5,7.094622e-15
5830.0,6.998534e-15
5832.5,7.208701e-15
5835.0,7.221411e-15
5837.5,7.053835e-15
5840.0,7.148348e-15
5842.5,7.133824e-15
5845.0,7.092516e-15
5847.5,7.183055e-15
5850.0,7.182823e-15
5852.5,6.947425e-15
5855.0,6.967976e-15
5857.5,7.078134e-15
5860.0,7.255112e-15
5862.5,7.189872e-15
5865.0,7.112173e-15
5867.5,7.12202e-15
5870.0,7.092318e-15
5872.5,7.091139e-15
5875.0,7.003016e-15
5877.5,6.881877e-15
5880.0,6.82327e-15
5882.5,6.455438e-15
5885.0,6.29292e-15
5887.5,6.16347e-15
5890.0,6.078595e-15
5892.5,6.255701e-15
5895.0,6.473053e-15
5897.5,6.721537e-15
5900.0,6.944666e-15
5902.5,6.930506e-15
5905.0,6.983893e-15
5907.5,6.77472e-15
5910.0,6.92095e-15
5912.5,6.974772e-15
5915.0,6.95025e-15
5917.5,6.607611e-15
5920.0,6.535436e-15
5922.5,6.87227e-15
5925.0,6.755264e-15
5927.5,6.819012e-15
5930.0,6.771165e-15
5932.5,6.866189e-15
5935.0,6.848303e-15
5937.5,6.773527e-15
5940.0,6.931823e-15
5942.5,6.911481e-15
5945.0,6.785332e-15
5947.5,6.62487e-15
5950.0,6.517786e-15
5952.5,6.497311e-15
5955.0,6.646721e-15
5957.5,6.568499e-15
5960.0,6.74706e-15
5962.5,6.894043e-15
5965.0,6.83205e-15
5967.5,6.917273e-15
5970.0,6.800234e-15
5972.5,6.780662e-15
5975.0,6.585224e-15
5977.5,6.772347e-15
5980.0,6.943113e-15
5982.5,6.891514e-15
5985.0,6.72049e-15
5987.5,6.800656e-15
5990.0,6.796418e-15
5992.5,6.757371e-15
5995.0,6.66224e-15
5997.5,6.732607e-15
6000.0,6.787478e-15
6002.5,6.739911e-15
6005.0,6.721329e-15
6007.5,6.780351e-15
6010.0,6.734088e-15
6012.5,6.692187e-15
6015.0,6.81183e-15
6017.5,6.890334e-15
6020.0,6.600145e-15
6022.5,6.589521e-15
6025.0,6.558139e-15
6027.5,6.533202e-15
6030.0,6.61538e-15
6032.5,6.686701e-15
6035.0,6.75007e-15
6037.5,6.586305e-15
6040.0,6.691048e-15
6042.5,6.711153e-15
6045.0,6.744066e-15
6047.5,6.76683e-15
6050.0,6.71501e-15
6052.5,6.67263e-15
6055.0,6.618308e-15
6057.5,6.420716e-15
6060.0,6.467374e-15
6062.5,6.466869e-15
6065.0,6.654306e-15
6067.5,6.678245e-15
6070.0,6.59574e-15
6072.5,6.645507e-15
6075.0,6.57964e-15
6077.5,6.498688e-15
6080.0,6.445279e-15
6082.5,6.465896e-15
6085.0,6.539036e-15
6087.5,6.536595e-15
6090.0,6.441961e-15
6092.5,6.430767e-15
6095.0,6.451787e-15
6097.5,6.42677e-15
6100.0,6.415256e-15
6102.5,6.47923e-15
6105.0,6.610842e-15
6107.5,6.373765e-15
6110.0,6.347532e-15
6112.5,6.294264e-15
6115.0,6.512863e-15
6117.5,6.358865e-15
6120.0,6.303926e-15
6122.5,6.537459e-15
6125.0,6.534921e-15
6127.5,6.271278e-15
6130.0,6.240794e-15
6132.5,6.335228e-15
6135.0,6.41798e-15
6137.5,6.313935e-15
6140.0,6.43998e-15
6142.5,6.480628e-15
6145.0,6.341076e-15
6147.5,6.396624e-15
6150.0,6.285261e-15
6152.5,6.396707e-15
6155.0,6.301198e-15
6157.5,6.276992e-15
6160.0,6.407348e-15
6162.5,6.526849e-15
6165.0,6.469785e-15
6167.5,6.370379e-15
6170.0,6.602918e-15
6172.5,6.713443e-15
6175.0,6.573718e-15
6177.5,6.422657e-15
6180.0,6.393382e-15
6182.5,6.388768e-15
6185.0,6.345533e-15
6187.5,6.301167e-15
6190.0,6.266426e-15
6192.5,6.278956e-15
6195.0,6.504073e-15
6197.5,6.495174e-15
6200.0,6.327147e-15
6202.5,6.238176e-15
6205.0,6.335533e-15
6207.5,6.294981e-15
6210.0,6.184975e-15
6212.5,6.179815e-15
6215.0,6.311525e-15
6217.5,6.326671e-15
6220.0,6.317469e-15
6222.5,6.522326e-15
6225.0,6.573062e-15
6227.5,6.348037e-15
6230.0,6.191476e-15
6232.5,6.349408e-15
6235.0,6.235538e-15
6237.5,6.132994e-15
6240.0,6.08827e-15
6242.5,6.165177e-15
6245.0,6.275507e-15
6247.5,6.25618e-15
6250.0,6.1942e-15
6252.5,6.137641e-15
6255.0,6.052956e-15
6257.5,6.176691e-15
6260.0,6.212434e-15
6262.5,6.223397e-15
6265.0,6.253712e-15
6267.5,6.006255e-15
6270.0,6.008897e-15
6272.5,6.16188e-15
6275.0,6.002693e-15
6277.5,5.865028e-15
6280.0,5.814139e-15
6282.5,5.697271e-15
6285.0,5.755501e-15
6287.5,5.932083e-15
6290.0,5.945048e-15
6292.5,6.024209e-15
6295.0,6.162328e-15
6297.5,5.946031e-15
6300.0,6.042244e-15
6302.5,6.202433e-15
6305.0,5.981943e-15
6307.5,5.991375e-15
6310.0,5.962432e-15
6312.5,5.889457e-15
6315.0,6.075174e-15
6317.5,5.901345e-15
6320.0,6.131375e-15
6322.5,6.32763e-15
6325.0,6.106328e-15
6327.5,6.098425e-15
6330.0,6.065125e-15
6332.5,5.874093e-15
6335.0,5.985194e-15
6337.5,5.922174e-15
6340.0,5.889186e-15
6342.5,5.983997e-15
6345.0,5.8601e-15
6347.5,5.869559e-15
6350.0,5.981089e-15
6352.5,6.07598e-15
6355.0,6.177137e-15
6357.5,6.244946e-15
6360.0,6.082724e-15
6362.5,5.794984e-15
6365.0,5.837949e-15
6367.5,6.048187e-15
6370.0,5.998946e-15
6372.5,6.039861e-15
6375.0,6.064987e-15
6377.5,6.008721e-15
6380.0,5.915529e-15
6382.5,6.037401e-15
6385.0,6.026412e-15
6387.5,5.97848e-15
6390.0,5.895679e-15
6392.5,5.906476e-15
6395.0,6.133871e-15
6397.5,6.130786e-15
6400.0,5.973513e-15
6402.5,6.062568e-15
6405.0,6.04084e-15
6407.5,6.130739e-15
6410.0,6.065438e-15
6412.5,6.031794e-15
6415.0,6.225269e-15
6417.5,6.326121e-15
6420.0,6.247082e-15
6422.5,6.108081e-15
6425.0,6.124881e-15
6427.5,6.136683e-15
6430.0,6.055121e-15
6432.5,6.087287e-15
6435.0,6.098582e-15
6437.5,6.021831e-15
6440.0,6.083748e-15
6442.5,6.059769e-15
6445.0,5.817256e-15
6447.5,5.823107e-15
6450.0,5.986332e-15
6452.5,6.133001e-15
6455.0,6.033323e-15
6457.5,5.981004e-15
6460.0,5.86525e-15
6462.5,5.968128e-15
6465.0,6.013676e-15
6467.5,5.946941e-15
6470.0,6.005702e-15
6472.5,5.902738e-15
6475.0,5.758365e-15
6477.5,5.832753e-15
6480.0,5.952297e-15
6482.5,5.905244e-15
6485.0,5.942142e-15
6487.5,5.94724e-15
6490.0,6.044605e-15
6492.5,6.007845e-15
6495.0,5.869479e-15
6497.5,6.003244e-15
6500.0,6.022335e-15
6502.5,5.920386e-15
6505.0,6.112007e-15
6507.5,6.114891e-15
6510.0,6.102365e-15
6512.5,6.096061e-15
6515.0,6.005674e-15
6517.5,5.876441e-15
6520.0,5.914476e-15
6522.5,6.08539e-15
6525.0,6.164331e-15
6527.5,6.268912e-15
6530.0,6.233637e-15
6532.5,6.270701e-15
6535.0,6.367088e-15
6537.5,6.460083e-15
6540.0,6.632708e-15
6542.5,6.792631e-15
6545.0,7.498238e-15
6547.5,7.835565e-15
6550.0,8.656357e-15
6552.5,9.774266e-15
6555.0,1.037938e-14
6557.5,9.957881e-15
6560.0,8.989145e-15
6562.5,7.956573e-15
6565.0,7.453822e-15
6567.5,6.831049e-15
6570.0,6.661751e-15
6572.5,6.633714e-15
6575.0,6.402447e-15
6577.5,6.130468e-15
6580.0,6.132517e-15
6582.5,6.133229e-15
6585.0,6.034788e-15
6587.5,6.111052e-15
6590.0,5.951147e-15
6592.5,5.913752e-15
6595.0,5.792207e-15
6597.5,5.892422e-15
6600.0,5.860589e-15
6602.5,5.770799e-15
6605.0,5.784766e-15
6607.5,5.731375e-15
6610.0,5.826586e-15
6612.5,5.792464e-15
6615.0,5.876366e-15
6617.5,5.880161e-15
6620.0,5.773193e-15
6622.5,5.773551e-15
6625.0,5.827605e-15
6627.5,5.842274e-15
6630.0,5.740882e-15
6632.5,5.859102e-15
6635.0,5.684444e-15
6637.5,5.746748e-15
6640.0,5.902668e-15
6642.5,5.929525e-15
6645.0,5.656244e-15
6647.5,5.793251e-15
6650.0,5.871485e-15
6652.5,5.725096e-15
6655.0,5.744547e-15
6657.5,5.973302e-15
6660.0,5.807556e-15
6662.5,5.629111e-15
6665.0,5.731432e-15
6667.5,5.963552e-15
6670.0,5.70953e-15
6672.5,5.678948e-15
6675.0,5.726832e-15
6677.5,5.631572e-15
6680.0,5.668855e-15
6682.5,5.811205e-15
6685.0,5.843112e-15
6687.5,5.865814e-15
6690.0,5.772125e-15
6692.5,5.634849e-15
6695.0,5.773887e-15
6697.5,5.687906e-15
6700.0,5.554055e-15
6702.5,5.625117e-15
6705.0,5.625525e-15
6707.5,5.639869e-15
6710.0,5.601558e-15
6712.5,5.730582e-15
6715.0,5.924694e-15
6717.5,5.829694e-15
6720.0,5.831776e-15
6722.5,5.795951e-15
6725.0,5.632944e-15
6727.5,5.567001e-15
6730.0,5.466116e-15
6732.5,5.496355e-15
6735.0,5.721445e-15
6737.5,5.750735e-15
6740.0,5.764366e-15
6742.5,5.805871e-15
6745.0,5.624501e-15
6747.5,5.57779e-15
6750.0,5.630119e-15
6752.5,5.668543e-15
6755.0,5.400045e-15
6757.5,5.509762e-15
6760.0,5.630846e-15
6762.5,5.665669e-15
6765.0,5.64344e-15
6767.5,5.628247e-15
6770.0,5.573548e-15
6772.5,5.360449e-15
6775.0,5.408947e-15
6777.5,5.626316e-15
6780.0,5.483039e-15
6782.5,5.405989e-15
6785.0,5.583986e-15
6787.5,5.340543e-15
6790.0,5.322805e-15
6792.5,5.458274e-15
6795.0,5.506011e-15
6797.5,5.546711e-15
6800.0,5.578934e-15
6802.5,5.630389e-15
6805.0,5.408075e-15
6807.5,5.436311e-15
6810.0,5.467024e-15
6812.5,5.466924e-15
6815.0,5.563542e-15
6817.5,5.496869e-15
6820.0,5.423989e-15
6822.5,5.369772e-15
6825.0,5.4919e-15
6827.5,5.297798e-15
6830.0,5.42951e-15
6832.5,5.340266e-15
6835.0,5.432449e-15
6837.5,5.484381e-15
6840.0,5.490539e-15
6842.5,5.345667e-15
6845.0,5.245396e-15
6847.5,5.430142e-15
6850.0,5.526264e-15
6852.5,5.607583e-15
6855.0,5.786688e-15
6857.5,5.647631e-15
6860.0,5.367807e-15
6862.5,5.448342e-15
6865.0,5.210182e-15
6867.5,4.896633e-15
6870.0,4.310034e-15
6872.5,3.979641e-15
6875.0,3.967169e-15
6877.5,4.14102e-15
6880.0,4.446445e-15
6882.5,4.68156e-15
6885.0,4.873183e-15
6887.5,4.71284e-15
6890.0,4.621305e-15
6892.5,4.61333e-15
6895.0,4.63868e-15
6897.5,4.753197e-15
6900.0,4.811393e-15
6902.5,4.800023e-15
6905.0,4.925194e-15
6907.5,4.905519e-15
6910.0,4.81234e-15
6912.5,5.036994e-15
6915.0,5.178238e-15
6917.5,5.064217e-15
6920.0,5.156227e-15
6922.5,5.291805e-15
6925.0,5.267345e-15
6927.5,5.481591e-15
6930.0,5.362518e-15
6932.5,5.077769e-15
6935.0,5.26734e-15
6937.5,5.153726e-15
6940.0,5.118621e-15
6942.5,5.135395e-15
6945.0,5.224283e-15
6947.5,5.199724e-15
6950.0,5.281341e-15
6952.5,5.351486e-15
6955.0,5.093678e-15
6957.5,5.211851e-15
6960.0,5.171422e-15
6962.5,5.146513e-15
6965.0,5.492647e-15
6967.5,5.493608e-15
6970.0,5.409031e-15
6972.5,5.476859e-15
6975.0,5.616027e-15
6977.5,5.308299e-15
6980.0,5.741675e-15
6982.5,5.584255e-15
6985.0,5.347117e-15
6987.5,5.379461e-15
6990.0,5.2158e-15
6992.5,5.329433e-15
6995.0,5.340147e-15
6997.5,5.03404e-15
7000.0,5.249473e-15
7002.5,5.498512e-15
7005.0,5.259804e-15
7007.5,5.417367e-15
7010.0,5.153368e-15
7012.5,4.970144e-15
7015.0,5.260095e-15
7017.5,5.449619e-15
7020.0,5.330581e-15
7022.5,5.168653e-15
7025.0,5.301036e-15
7027.5,5.27492e-15
7030.0,5.250091e-15
7032.5,5.258672e-15
7035.0,5.127887e-15
7037.5,5.327733e-15
7040.0,5.171024e-15
7042.5,5.17317e-15
7045.0,5.272531e-15
7047.5,5.221624e-15
7050.0,5.255682e-15
7052.5,5.18139e-15
7055.0,5.34713e-15
7057.5,5.133353e-15
7060.0,5.316493e-15
7062.5,5.265373e-15
7065.0,5.176714e-15
7067.5,5.253788e-15
7070.0,5.248768e-15
7072.5,5.265691e-15
7075.0,5.319889e-15
7077.5,5.380234e-15
7080.0,5.249643e-15
7082.5,5.247083e-15
7085.0,5.469877e-15
7087.5,5.360996e-15
7090.0,5.375062e-15
7092.5,5.320884e-15
7095.0,5.108793e-15
7097.5,5.26396e-15
7100.0,4.974331e-15
7102.5,5.288614e-15
7105.0,5.236718e-15
7107.5,5.057786e-15
7110.0,4.992895e-15
7112.5,5.117671e-15
7115.0,5.058936e-15
7117.5,5.152839e-15
7120.0,4.988218e-15
7122.5,5.17182e-15
7125.0,5.17251e-15
7127.5,5.133603e-15
7130.0,5.285864e-15
7132.5,5.3098e-15
7135.0,5.217163e-15
7137.5,5.127826e-15
7140.0,5.300813e-15
7142.5,5.223284e-15
7145.0,5.245406e-15
7147.5,5.324882e-15
7150.0,5.356538e-15
7152.5,5.280276e-15
7155.0,5.128569e-15
7157.5,5.105466e-15
7160.0,5.112417e-15
7162.5,5.17396e-15
7165.0,5.124643e-15
7167.5,4.94532e-15
7170.0,4.941845e-15
7172.5,4.880174e-15
7175.0,4.808028e-15
7177.5,4.794441e-15
7180.0,4.759939e-15
7182.5,4.734972e-15
7185.0,4.578383e-15
7187.5,4.58176e-15
7190.0,4.747263e-15
7192.5,4.49979e-15
7195.0,4.562171e-15
7197.5,4.765426e-15
7200.0,4.527432e-15
7202.5,4.449304e-15
7205.0,4.626526e-15
7207.5,4.593426e-15
7210.0,4.746096e-15
7212.5,4.944978e-15
7215.0,4.97814e-15
7217.5,4.941186e-15
7220.0,5.104962e-15
7222.5,5.15237e-15
7225.0,5.005448e-15
7227.5,5.17011e-15
7230.0,4.899984e-15
7232.5,4.453145e-15
7235.0,4.570439e-15
7237.5,4.769881e-15
7240.0,4.535289e-15
7242.5,4.370573e-15
7245.0,4.473599e-15
7247.5,4.474117e-15
7250.0,4.641412e-15
7252.5,4.580792e-15
7255.0,4.50874e-15
7257.5,4.702278e-15
7260.0,4.569673e-15
7262.5,4.504764e-15
7265.0,4.811068e-15
7267.5,4.822717e-15
7270.0,4.734614e-15
7272.5,4.626366e-15
7275.0,4.090277e-15
7277.5,4.308293e-15
7280.0,4.509981e-15
7282.5,5.141982e-15
7285.0,4.989451e-15
7287.5,4.869337e-15
7290.0,4.761835e-15
7292.5,4.550727e-15
7295.0,4.408224e-15
7297.5,4.843885e-15
7300.0,4.58713e-15
7302.5,4.616575e-15
7305.0,4.863897e-15
7307.5,4.830675e-15
7310.0,4.635874e-15
7312.5,4.942987e-15
7315.0,4.910213e-15
7317.5,4.81297e-15
7320.0,4.751748e-15
7322.5,4.856949e-15
7325.0,4.734109e-15
7327.5,4.915521e-15
7330.0,4.992496e-15
7332.5,4.845728e-15
7335.0,4.82912e-15
7337.5,4.696841e-15
7340.0,4.612193e-15
7342.5,4.971944e-15
7345.0,4.942832e-15
7347.5,4.825482e-15
7350.0,4.971742e-15
7352.5,4.953505e-15
7355.0,4.739752e-15
7357.5,4.849347e-15
7360.0,4.930531e-15
7362.5,4.646105e-15
7365.0,4.848597e-15
7367.5,4.954837e-15
7370.0,4.731737e-15
7372.5,4.630885e-15
7375.0,4.811159e-15
7377.5,4.781733e-15
7380.0,4.779103e-15
7382.5,4.59881e-15
7385.0,4.67226e-15
7387.5,4.635032e-15
7390.0,4.718235e-15
7392.5,4.881124e-15
7395.0,4.949282e-15
7397.5,5.008073e-15
7400.0,4.93591e-15
7402.5,4.919652e-15
7405.0,5.172026e-15
7407.5,5.061447e-15
7410.0,5.027335e-15
7412.5,4.832994e-15
7415.0,4.709643e-15
7417.5,5.038091e-15
7420.0,5.146941e-15
7422.5,5.111303e-15
7425.0,4.896811e-15
7427.5,4.943918e-15
7430.0,4.905056e-15
7432.5,4.868351e-15
7435.0,5.017858e-15
7437.5,4.792835e-15
7440.0,5.044379e-15
7442.5,4.909443e-15
7445.0,4.920724e-15
7447.5,4.859868e-15
7450.0,4.963046e-15
7452.5,4.864382e-15
7455.0,5.091172e-15
7457.5,5.086385e-15
7460.0,4.785277e-15
7462.5,4.585671e-15
7465.0,5.211632e-15
7467.5,5.090947e-15
7470.0,5.187651e-15
7472.5,5.155079e-15
7475.0,4.820245e-15
7477.5,4.696003e-15
7480.0,4.790061e-15
7482.5,4.759024e-15
7485.0,4.874572e-15
7487.5,4.954834e-15
7490.0,5.129492e-15
7492.5,4.905212e-15
7495.0,4.702978e-15
7497.5,4.995736e-15
7500.0,5.019e-15
7502.5,4.797061e-15
7505.0,4.864622e-15
7507.5,4.979525e-15
7510.0,4.833946e-15
7512.5,4.837249e-15
7515.0,5.054648e-15
7517.5,4.978627e-15
7520.0,4.832648e-15
7522.5,4.635714e-15
7525.0,4.993582e-15
7527.5,5.031544e-15
7530.0,4.838145e-15
7532.5,4.958909e-15
7535.0,4.568625e-15
7537.5,4.457059e-15
7540.0,4.461261e-15
7542.5,4.518038e-15
7545.0,4.88973e-15
7547.5,4.883876e-15
7550.0,4.746206e-15
7552.5,4.742653e-15
7555.0,4.847324e-15
7557.5,4.791962e-15
7560.0,4.788363e-15
7562.5,4.815045e-15
7565.0,5.13816e-15
7567.5,4.813109e-15
7570.0,4.682321e-15
7572.5,4.781575e-15
7575.0,4.907993e-15
7577.5,4.926243e-15
7580.0,5.007615e-15
7582.5,4.875266e-15
7585.0,4.779303e-15
7587.5,5.063644e-15
7590.0,5.105828e-15
7592.5,4.539048e-15
7595.0,3.795011e-15
7597.5,2.828795e-15
7600.0,2.040197e-15
7602.5,1.563068e-15
7605.0,1.097252e-15
7607.5,8.528931e-16
7610.0,1.164442e-15
7612.5,1.61141e-15
7615.0,1.956931e-15
7617.5,2.365879e-15
7620.0,3.158104e-15
7622.5,3.032183e-15
7625.0,2.918903e-15
7627.5,2.467568e-15
7630.0,2.198246e-15
7632.5,2.270577e-15
7635.0,2.36401e-15
7637.5,2.174452e-15
7640.0,2.287923e-15
7642.5,2.595131e-15
7645.0,2.649349e-15
7647.5,3.178534e-15
7650.0,2.856687e-15
7652.5,3.516828e-15
7655.0,3.375795e-15
7657.5,3.607863e-15
7660.0,3.994827e-15
7662.5,3.899222e-15
7665.0,4.064375e-15
7667.5,4.413148e-15
7670.0,4.091058e-15
7672.5,4.305103e-15
7675.0,4.436597e-15
7677.5,4.164938e-15
7680.0,4.386179e-15
7682.5,4.539387e-15
7685.0,4.82015e-15
7687.5,4.488995e-15
7690.0,4.527278e-15
7692.5,5.057756e-15
7695.0,4.736031e-15
7697.5,4.583781e-15
7700.0,4.495386e-15
7702.5,4.608631e-15
7705.0,4.742903e-15
7707.5,4.435657e-15
7710.0,4.246364e-15
7712.5,4.683817e-15
7715.0,4.785289e-15
7717.5,4.779978e-15
7720.0,4.801932e-15
7722.5,4.432304e-15
7725.0,4.598801e-15
7727.5,4.852171e-15
7730.0,5.178904e-15
7732.5,4.961381e-15
7735.0,4.917837e-15
7737.5,4.701587e-15
7740.0,4.486075e-15
7742.5,4.789665e-15
7745.0,4.884663e-15
7747.5,4.408238e-15
7750.0,4.708119e-15
7752.5,5.073691e-15
7755.0,4.859337e-15
7757.5,4.605635e-15
7760.0,4.028806e-15
7762.5,3.710104e-15
7765.0,3.818738e-15
7767.5,4.072043e-15
7770.0,4.064355e-15
7772.5,4.270786e-15
7775.0,4.265332e-15
7777.5,4.912121e-15
7780.0,4.287901e-15
7782.5,4.567511e-15
7785.0,4.476805e-15
7787.5,3.984681e-15
7790.0,4.521328e-15
7792.5,4.683866e-15
7795.0,4.398519e-15
7797.5,4.362016e-15
7800.0,4.043453e-15
7802.5,4.168881e-15
7805.0,4.274397e-15
7807.5,4.171068e-15
7810.0,4.146156e-15
7812.5,4.633403e-15
7815.0,4.390561e-15
7817.5,4.291903e-15
7820.0,4.548558e-15
7822.5,4.759057e-15
7825.0,4.592501e-15
7827.5,4.096244e-15
7830.0,4.176893e-15
7832.5,4.622155e-15
7835.0,4.61173e-15
7837.5,4.556268e-15
7840.0,4.640811e-15
7842.5,4.360359e-15
7845.0,3.820041e-15
7847.5,3.766505e-15
7850.0,4.727937e-15
7852.5,4.466956e-15
7855.0,4.307744e-15
7857.5,4.177574e-15
7860.0,4.178871e-15
7862.5,4.363075e-15
7865.0,4.355741e-15
7867.5,4.547872e-15
7870.0,3.822082e-15
7872.5,4.482345e-15
7875.0,4.420737e-15
7877.5,4.010298e-15
7880.0,4.126884e-15
7882.5,4.309011e-15
7885.0,3.870794e-15
7887.5,3.473103e-15
7890.0,3.944965e-15
7892.5,4.250978e-15
7895.0,3.978902e-15
7897.5,4.261283e-15
7900.0,4.391893e-15
7902.5,3.997746e-15
7905.0,4.198275e-15
7907.5,4.298607e-15
7910.0,4.521878e-15
7912.5,4.375641e-15
7915.0,4.329244e-15
7917.5,4.15209e-15
7920.0,3.84499e-15
7922.5,4.736139e-15
7925.0,4.908129e-15
7927.5,4.207796e-15
7930.0,4.331532e-15
7932.5,4.753163e-15
7935.0,4.363208e-15
7937.5,4.000125e-15
7940.0,4.232433e-15
7942.5,4.656404e-15
7945.0,4.30469e-15
7947.5,4.019237e-15
7950.0,3.971673e-15
7952.5,4.425935e-15
7955.0,4.225337e-15
7957.5,4.130719e-15
7960.0,3.812863e-15
7962.5,3.893461e-15
7965.0,4.152965e-15
7967.5,4.352809e-15
7970.0,4.352846e-15
7972.5,4.00168e-15
7975.0,4.119986e-15
7977.5,4.065855e-15
7980.0,3.810184e-15
7982.5,3.999626e-15
7985.0,4.382465e-15
7987.5,4.970829e-15
7990.0,4.473818e-15
7992.5,3.733406e-15
7995.0,3.836439e-15
7997.5,4.104655e-15
8000.0,4.228949e-15
8002.5,3.962813e-15
8005.0,3.881693e-15
8007.5,3.902553e-15
8010.0,3.684953e-15
8012.5,4.285555e-15
8015.0,4.508035e-15
8017.5,4.270953e-15
8020.0,3.637159e-15
8022.5,3.878295e-15
8025.0,4.26394e-15
8027.5,4.003793e-15
8030.0,3.97334e-15
8032.5,4.019853e-15
8035.0,4.392762e-15
8037.5,4.106206e-15
8040.0,3.90005e-15
8042.5,3.640174e-15
8045.0,3.628591e-15
8047.5,3.906975e-15
8050.0,4.129585e-15
8052.5,3.52435e-15
8055.0,4.088901e-15
8057.5,3.881883e-15
8060.0,4.142978e-15
8062.5,4.452025e-15
8065.0,4.488675e-15
8067.5,4.376047e-15
8070.0,4.533714e-15
8072.5,4.34793e-15
8075.0,3.903957e-15
8077.5,3.949736e-15
8080.0,4.471088e-15
8082.5,3.969421e-15
8085.0,3.352986e-15
8087.5,3.572315e-15
8090.0,3.576952e-15
8092.5,4.009579e-15
8095.0,4.408246e-15
8097.5,3.801958e-15
8100.0,4.014199e-15
8102.5,4.253205e-15
8105.0,3.756212e-15
8107.5,3.88254e-15
8110.0,4.032291e-15
8112.5,3.908729e-15
8115.0,4.25774e-15
8117.5,3.214094e-15
8120.0,3.366275e-15
8122.5,3.746894e-15
8125.0,3.987222e-15
8127.5,3.855801e-15
8130.0,3.449554e-15
8132.5,3.817621e-15
8135.0,3.586638e-15
8137.5,3.633081e-15
8140.0,4.098319e-15
8142.5,4.035284e-15
8145.0,3.931719e-15
8147.5,3.882858e-15
8150.0,3.770762e-15
8152.5,3.873217e-15
8155.0,4.072074e-15
8157.5,2.689475e-15
8160.0,3.860976e-15
8162.5,3.820909e-15
8165.0,3.507218e-15
8167.5,3.31366e-15
8170.0,3.567859e-15
8172.5,3.773719e-15
8175.0,3.663972e-15
8177.5,3.410793e-15
8180.0,4.125002e-15
8182.5,3.971798e-15
8185.0,3.919533e-15
8187.5,3.915225e-15
8190.0,3.377627e-15
8192.5,3.823096e-15
8195.0,3.561089e-15
8197.5,3.597717e-15
8200.0,3.595097e-15
8202.5,3.379187e-15
8205.0,3.326112e-15
8207.5,3.583188e-15
8210.0,3.013961e-15
8212.5,3.329995e-15
8215.0,3.802971e-15
8217.5,3.283488e-15
8220.0,3.710587e-15
8222.5,3.590718e-15
8225.0,2.855397e-15
8227.5,2.686803e-15
8230.0,3.366615e-15
8232.5,2.884936e-15
8235.0,2.616259e-15
8237.5,3.468458e-15
8240.0,3.070511e-15
8242.5,3.262961e-15
8245.0,4.020903e-15
8247.5,4.111304e-15
8250.0,3.753427e-15
8252.5,3.502195e-15
8255.0,2.934093e-15
8257.5,3.682654e-15
8260.0,3.779882e-15
8262.5,3.526264e-15
8265.0,3.576885e-15
8267.5,3.574329e-15
8270.0,4.071439e-15
8272.5,4.188583e-15
8275.0,3.862488e-15
8277.5,4.170599e-15
8280.0,4.268784e-15
8282.5,4.196492e-15
8285.0,4.099378e-15
8287.5,3.687082e-15
8290.0,3.685909e-15
8292.5,2.956066e-15
8295.0,3.902772e-15
8297.5,4.475703e-15
8300.0,4.897874e-15
8302.5,3.58542e-15
8305.0,3.97561e-15
8307.5,3.546982e-15
8310.0,3.694499e-15
8312.5,3.622497e-15
8315.0,3.475132e-15
8317.5,3.363383e-15
8320.0,3.394773e-15
8322.5,2.557941e-15
8325.0,3.272608e-15
8327.5,3.621637e-15
8330.0,3.224034e-15
8332.5,3.255642e-15
8335.0,3.173959e-15
8337.5,2.175521e-15
8340.0,1.693677e-15
8342.5,2.724169e-15
8345.0,2.934462e-15
8347.5,3.780809e-15
8350.0,4.091521e-15
8352.5,3.581493e-15
8355.0,3.639263e-15
8357.5,3.452692e-15
8360.0,3.937434e-15
8362.5,3.666386e-15
8365.0,3.4879e-15
8367.5,3.333108e-15
8370.0,2.864964e-15
8372.5,3.11348e-15
8375.0,3.319064e-15
8377.5,3.332242e-15
8380.0,3.382409e-15
8382.5,3.064238e-15
8385.0,4.26478e-15
8387.5,3.872509e-15
8390.0,3.710995e-15
8392.5,3.996567e-15
8395.0,3.585153e-15
8397.5,3.131229e-15
8400.0,0.0
8402.5,0.0
8405.0,0.0
8407.5,0.0
8410.0,0.0
8412.5,0.0
8415.0,0.0
8417.5,0.0
8420.0,0.0
8422.5,0.0
8425.0,0.0
8427.5,0.0
8430.0,0.0
8432.5,0.0
8435.0,0.0
8437.5,0.0
8440.0,0.0
8442.5,0.0
8445.0,0.0
8447.5,0.0
8450.0,0.0
8452.5,0.0
8455.0,0.0
8457.5,0.0
8460.0,0.0
8462.5,0.0
8465.0,0.0
8467.5,0.0
8470.0,0.0
8472.5,0.0
8475.0,0.0
8477.5,0.0
8480.0,0.0
8482.5,0.0
8485.0,0.0
8487.5,0.0
8490.0,0.0
8492.5,0.0
8495.0,0.0
8497.5,0.0
8500.0,0.0
8502.5,0.0
8505.0,0.0
8507.5,0.0
8510.0,0.0
8512.5,0.0
8515.0,0.0
8517.5,0.0
8520.0,0.0
8522.5,0.0
8525.0,0.0
8527.5,0.0
8530.0,0.0
8532.5,0.0
8535.0,0.0
8537.5,0.0
8540.0,0.0
8542.5,0.0
8545.0,0.0
8547.5,0.0
8550.0,0.0
8552.5,0.0
8555.0,0.0
8557.5,0.0
8560.0,0.0
8562.5,0.0
8565.0,0.0
8567.5,0.0
8570.0,0.0
8572.5,0.0
8575.0,0.0
8577.5,0.0
8580.0,0.0
8582.5,0.0
8585.0,0.0
