,wav,flam
0,5586.323623137723,139.62039265610034
1,5586.324331724939,137.92723785689697
2,5587.408161014244,146.6738893343607
3,5588.087199611255,153.29008915608577
4,5589.1718254085,161.83649849999534
5,5590.115131120377,157.73745343662193
6,5590.734043711053,152.69263593786746
7,5591.616654358454,159.0625585855894
8,5592.703156487488,162.11363025925442
9,5593.383454703041,165.66806670424089
10,5594.471083886808,165.824619600524
11,5595.151843823589,162.19434916816124
12,5596.240081411012,153.9387939889443
13,5597.186446722524,153.3699055949891
14,5598.071528774818,152.15836599139098
15,5598.692469911056,150.04064879323647
16,5599.782125446751,152.9189988134325
17,5600.46466892679,153.9276373857564
18,5601.555127676219,173.2696336256989
19,5602.238219318384,177.71410120027554
20,5603.329645404069,185.47486581229248
21,5604.013170160389,184.8984694682798
22,5605.105226118881,182.3419145795575
23,5606.055180153683,177.42501173627653
24,5606.9437396220455,172.56619580944
25,5607.566391651328,175.68427804690242
26,5608.6609342818665,172.9763071142362
27,5609.345455436122,168.1433973487534
28,5610.440269474576,159.5487940187004
29,5611.125446918579,150.57197677492084
30,5612.015935393845,148.0967721502762
31,5612.906706557255,147.26575303032737
32,5614.003381989225,157.97113691953064
33,5614.956893992699,159.28951213457233
34,5615.581630768319,159.23515187542424
35,5616.473071670699,161.12198655267358
36,5617.571950680606,155.8329446342014
37,5618.259184405132,149.8995058726676
38,5619.35757391373,146.50888846771593
39,5620.313437511502,141.47737733373395
40,5620.939192659004,142.2628367546536
41,5621.83271263933,144.03745519524074
42,5622.933962156574,151.62993465778217
43,5623.890746187836,162.0633309328661
44,5624.516886895617,169.90766860503805
45,5625.619163359113,178.80247034053207
46,5626.577175186222,187.6561966856069
47,5627.204245639203,183.49017048409945
48,5628.307182176531,184.45482442539128
49,5628.996938059311,188.76061226812737
50,5630.101078570707,179.4957532659507
51,5631.060600118814,171.72231281076978
52,5631.688622589731,167.67598749295516
53,5632.586265001456,164.66908229076202
54,5633.6917210126085,161.23095482075874
55,5634.6531783147375,165.79703205001138
56,5635.281717163793,163.70463394771937
57,5636.388432288766,164.83897403488965
58,5637.080455450143,170.9522726664526
59,5638.187127561323,177.47383030960793
60,5638.879705869919,182.7214282311386
61,5639.9881281441285,187.49069627461478
62,5640.951441502972,190.43960330512152
63,5641.581381850573,192.50363464149623
64,5642.690894192613,197.14439836556582
65,5643.384500422406,196.315633997368
66,5644.4944529201575,193.6151462882535
67,5645.45962716728,193.03111495186974
68,5646.090497225898,187.92720008241574
69,5647.201804034978,187.97751297162998
70,5647.896649619696,184.97936295534413
71,5649.0084733561425,184.1235822364462
72,5649.9748333631405,174.77996961147102
73,5650.607079487335,170.40243621317367
74,5651.51090023753,172.3410603737695
75,5652.416066861112,161.88830889914018
76,5653.529869805742,158.84310622327058
77,5654.497582064051,166.9467168701689
78,5655.131253839846,167.16551510420686
79,5656.036566243181,169.68871121174763
80,5657.151966753668,169.81634400162702
81,5657.849184759526,172.45282391863202
82,5658.7553369085535,175.72046174543158
83,5659.66205268957,179.9265054194942
84,5660.569355025322,174.05703469842817
85,5661.68679442308,169.9999286713458
86,5662.65783393759,170.27175259991574
87,5663.293109736227,170.8622039454927
88,5664.410828232422,175.5851660107335
89,5665.109483318448,179.6747516059219
90,5666.228925169966,196.75522067926843
91,5666.928070653138,201.10877001237134
92,5667.837028329006,203.68350467142434
93,5668.746802486361,207.53405676419203
94,5669.867309554484,205.15635497241408
95,5670.841470940425,200.44028591801725
96,5671.478889431726,199.15864639366703
97,5672.388763278957,194.9829383373471
98,5673.510780615056,186.00194075915743
99,5674.211804955302,187.13447094623416
100,5675.334194278798,185.11312634085212
101,5676.31004919234,176.40862807392813
102,5676.947925662183,176.1354253677593
103,5678.071460901963,170.49098905648816
104,5678.77336180639,169.8948700800719
105,5679.89757792351,172.50786808979692
106,5680.60021708625,182.20656077605852
107,5681.724891424138,183.79275577768894
108,5682.428198389999,188.35492325360912
109,5683.341644375133,187.66301079081475
110,5684.256352741383,189.08842037770464
111,5685.382906821121,194.12869020279095
112,5686.086733043217,197.78784180774974
113,5687.001956035354,202.51810613661482
114,5687.9178018383545,197.546959595576
115,5689.045048872702,186.1598299938802
116,5689.750360009225,185.53774798321516
117,5690.666368331871,175.82682727870278
118,5691.5832580358965,176.80843518975436
119,5692.712095157161,179.82033190129903
120,5693.693566998646,172.86517630032162
121,5694.335300166387,171.7384735155295
122,5695.253200555458,161.1633706723133
123,5696.383365863312,163.88653462701595
124,5697.090035840607,168.27714260657768
125,5698.220618853038,170.73115292265499
126,5698.927429416941,170.33625415130606
127,5700.059059557256,163.436410683062
128,5700.767075903653,154.0293270207709
129,5701.898864509907,153.37309721807034
130,5702.60592778552,156.8717654163064
131,5703.526439732542,158.69166218432022
132,5704.446675110903,170.76084220708174
133,5705.580596827248,176.6330260896298
134,5706.2891167750295,181.96299306396318
135,5707.210226178117,191.01637955254108
136,5708.345008808879,197.94718575733674
137,5709.054120805618,200.05307916632646
138,5709.976087714274,196.7631737878599
139,5710.898646284318,200.4665544879667
140,5712.034124469629,205.27357967285556
141,5713.021790404433,208.25792774578082
142,5713.944680318196,209.55651562821623
143,5714.591448231974,213.88611111709824
144,5715.51463776496,210.9611386330683
145,5716.439246012954,205.7414337334299
146,5717.363272972609,204.16961620502332
147,5718.500993607089,190.55636321623766
148,5719.212603421999,183.90581438585124
149,5720.351119857545,184.1848206488079
150,5721.063429695263,185.77517712740536
151,5722.202204127378,186.67145001295654
152,5722.914858399522,195.0817324843456
153,5723.8401763882175,192.6880306614564
154,5724.980650146781,193.4970325186865
155,5725.693938740065,190.4904025977209
156,5726.83389895554,199.4527045198368
157,5727.547873285546,198.22125398550654
158,5728.688795792563,201.808807077346
159,5729.680859827608,198.5962492811137
160,5730.330427112309,192.85643485975126
161,5731.25859256176,188.38854264154577
162,5732.187035144258,189.40445948441513
163,5733.32972359335,186.76753986083668
164,5734.045156458727,183.4218507327584
165,5735.188036635832,177.5947290152753
166,5735.903219957598,177.39224324898444
167,5737.047237882898,181.03704657206092
168,5737.762315841466,185.64551516538273
169,5738.692627554825,188.09061091929476
170,5739.837966878472,189.59028221027788
171,5740.554036542068,184.84543606780392
172,5741.483997715308,182.95329656854855
173,5742.631039971081,187.51481159557423
174,5743.347172036394,190.23783383474955
175,5744.278361819907,185.88243849977033
176,5745.210635052792,176.16082954899616
177,5746.3579720459575,175.99525528729723
178,5747.355255812929,181.42264863892302
179,5748.007991020794,188.95937632919427
180,5748.940113564313,191.3368515531266
181,5749.873598351461,195.05915054332303
182,5750.8069731529085,198.02852828460553
183,5751.956126372935,193.62986996805398
184,5752.674546020141,189.71439071275594
185,5753.824396996118,181.70582918715564
186,5754.8241658161105,182.16731262998638
187,5755.477625056774,184.59187344726018
188,5756.411311031797,195.28818409927288
189,5757.347048089218,200.5649212422941
190,5758.498892964812,206.47254739670475
191,5759.217732673727,207.38941287777595
192,5760.153237764745,203.79352904384763
193,5761.305753100162,201.1601198506533
194,5762.026117898593,195.3122770314848
195,5763.178932796386,197.36308719491979
196,5763.898334616048,202.49220309280366
197,5765.052941689179,197.28172798161663
198,5765.773253917522,200.46139774575505
199,5766.709948692406,206.4670148741622
200,5767.864898633331,201.98571051814474
201,5768.586157331499,200.9110510276216
202,5769.5234935865155,201.08787330737866
203,5770.679505541945,193.4078935928491
204,5771.40133523032,188.7036195503733
205,5772.339373644575,182.10453198286743
206,5773.495780998156,172.85873887637104
207,5774.217647256613,174.11142936102308
208,5775.157180241817,179.07569020881567
209,5776.0969516883615,177.48745609488378
210,5777.0363149980485,180.09057718566257
211,5778.194809909577,189.59747477840287
212,5779.201237262815,194.7304878571323
213,5779.8582506628545,201.44600078808799
214,5781.016739267577,192.99772363066225
215,5782.02417119052,201.0823317436542
216,5782.681837991065,197.77017949523454
217,5783.622460069201,197.4593977688645
218,5784.5644563342,200.95638106621112
219,5785.724674901386,201.3881802010409
220,5786.733425466164,205.06339664498702
221,5787.3919000842925,204.6098584195676
222,5788.333544161999,197.95383615564646
223,5789.495241290468,189.45980183646674
224,5790.220308181315,188.746312274018
225,5791.381552132962,199.70440838850644
226,5792.106994520208,205.57615639509172
227,5793.269161564179,210.043589826408
228,5793.9950718697555,207.44505746486124
229,5795.15729990051,197.72960039312596
230,5795.883817998438,192.29414642502394
231,5796.827796683049,182.49375719833637
232,5797.772962962451,179.53907890809367
233,5798.7178207547,185.46989147022396
234,5799.663315925746,193.39048504490412
235,5800.827281318172,198.57819773042183
236,5801.839882784978,198.342315202414
237,5802.500967437874,199.60260593801
238,5803.6658940466505,200.82536571328365
239,5804.393560359417,201.44061313239774
240,5805.339516424931,207.250995800177
241,5806.286406759815,206.18646033887458
242,5807.453172485733,200.826362975537
243,5808.18104203299,202.46964513877634
244,5809.347944772187,199.0255456967448
245,5810.076605646906,205.15799772183647
246,5811.243498378837,209.87220036698747
247,5811.972111074354,213.72190896351356
248,5812.920533867614,214.657378267544
249,5813.869245164329,215.37747127917342
250,5815.037251101475,210.16284453777467
251,5816.053588253979,205.40521726342448
252,5816.7172807272345,208.2968675945692
253,5817.885288992045,213.42236829451875
254,5818.615365419454,214.44222297597491
255,5819.565054327887,222.73708713645647
256,5820.735121633459,221.2729860786375
257,5821.465295912309,225.23755165928873
258,5822.416354341109,222.08243695747288
259,5823.586512643895,217.32261403627209
260,5824.317810054883,210.6371408778339
261,5825.268747541588,209.93624170955238
262,5826.219386384169,213.10554021427595
263,5827.391981649549,212.7416531737194
264,5828.122700553584,214.77495602847034
265,5829.074639533937,223.1747414665601
266,5830.02694086407,224.05186981990528
267,5831.19965553881,225.6093983643291
268,5831.9324401708045,224.69313468954536
269,5832.884326992407,219.2410988355443
270,5833.83672335367,216.76182228130543
271,5835.011839967394,213.0843103040348
272,5836.032595325022,207.5332207415595
273,5836.985628861523,200.03371215897374
274,5837.650832387394,202.4301741987196
275,5838.827073865011,198.2038773740378
276,5839.848051095525,192.5822170699097
277,5840.513896185905,194.57376807945477
278,5841.467725281481,194.26367403353794
279,5842.42271490446,188.418452337444
280,5843.599715439661,178.82533776206546
281,5844.333016355893,171.24294028804715
282,5845.288106272222,166.80998751389575
283,5846.465542235953,172.7802896390696
284,5847.489249355178,179.65162676235272
285,5848.15589257725,184.14773809609014
286,5849.333700581338,179.77912115080164
287,5850.357819729114,177.98916069879266
288,5851.024322065,180.2370479656866
289,5851.9812034667,188.07263901435525
290,5852.937591274032,183.7344996205934
291,5854.117876930043,185.75156415228662
292,5855.142439944048,183.81856379445873
293,5855.810493087106,180.52339014952182
294,5856.76762056325,184.76257208595234
295,5857.948122011039,189.30729977298915
296,5858.973931141353,190.10544860410872
297,5859.642201229455,195.99030026116787
298,5860.599940664811,202.2081210241079
299,5861.782221850734,207.0779331790071
300,5862.518299673422,206.89448211540778
301,5863.476837389239,204.3093246732225
302,5864.435896284795,197.7620549205415
303,5865.618432789075,203.61913031877955
304,5866.645990567323,216.72801462812996
305,5867.315601233169,225.5259496719115
306,5868.275435824417,224.75618748261547
307,5869.458364532052,194.9152872281813
308,5870.195954223927,183.2465945970868
309,5871.379493576321,180.24843862345557
310,5872.117129488498,179.384177451431
311,5873.078135837722,183.47646664342906
312,5874.262274449626,173.54727890061423
313,5875.000590777679,176.2830103819612
314,5875.961766772408,179.18347257507472
315,5877.146989065505,181.9225519290193
316,5878.176983566235,172.27875725057515
317,5878.848425785986,167.19196356335627
318,5879.809970244697,146.7130430445214
319,5880.9954982766385,129.6944572227537
320,5881.735204538921,127.45601387479692
321,5882.921049459262,142.2146481682657
322,5883.660673554046,149.26911773682556
323,5884.623331616722,152.217329116877
324,5885.5871480430915,153.37724951770986
325,5886.550108601402,151.53190911738287
326,5887.514042868049,152.83067584855013
327,5888.702165194601,160.97196529802574
328,5889.73385126933,167.34030013761802
329,5890.406729507391,169.11184931152258
330,5891.370745449428,175.55211990281316
331,5892.335396266798,188.52997180503763
332,5893.299855883417,196.42044365018631
333,5894.26569900192,188.63015569097578
334,5895.454351068681,183.768966313585
335,5896.195714402505,176.11207094910094
336,5897.161500878066,175.47409935071715
337,5898.3511924780205,181.60378422741476
338,5899.384961475692,189.47695184349374
339,5900.059000564142,195.14873981886453
340,5901.2500043323635,193.5590104829459
341,5901.992902157819,191.377009103639
342,5902.957806175447,193.59915716743546
343,5903.924662117877,185.40181540446852
344,5905.116604154233,177.5294572350818
345,5905.8591665866925,171.25563296278338
346,5906.825769976329,172.27860198118628
347,5908.018365054978,176.40056049474398
348,5908.761575196174,177.85398956949135
349,5909.728658533565,185.78124704705718
350,5910.921553084575,186.03546594527106
351,5911.664936073564,186.67772376315773
352,5912.858833906961,191.62718092017803
353,5913.60235815296,195.09559106692532
354,5914.570344262319,194.98401255972848
355,5915.764260872151,204.14090474640457
356,5916.5087048677,203.187737555872
357,5917.702728536847,203.11997665392494
358,5918.447426530818,191.87743639536706
359,5919.416871145209,192.3314687808554
360,5920.611129151436,184.34507005555162
361,5921.356911837298,188.69569941490585
362,5922.3256789695215,195.33528543002032
363,5923.295996734121,190.29618509647875
364,5924.266688182737,182.67851020744882
365,5925.237129731834,179.31099994393287
366,5926.207986364529,180.38679556027233
367,5927.177901784151,186.3589531110846
368,5928.375289935826,189.1448363158368
369,5929.121582651351,190.1703551153305
370,5930.091706136876,191.58581534928513
371,5931.0633647741715,192.41495485451213
372,5932.035470603163,195.6691255590725
373,5933.233249787455,189.6730317455096
374,5934.273894140292,197.7226151540071
375,5934.951585165667,202.99073861552813
376,5935.9238240080085,207.95202981483044
377,5937.122988536595,203.79242152235847
378,5937.869408346159,196.17087560794727
379,5938.8415676545355,190.49151239904725
380,5939.81480840502,184.0300518590653
381,5941.014384221362,178.9985104804509
382,5941.761950788265,176.5641081515901
383,5942.734903562692,176.49134036632006
384,5943.934949341849,179.98366624244255
385,5944.682586637616,177.77085054517622
386,5945.656110297665,178.65237962302973
387,5946.63066018167,174.70861172112856
388,5947.604113710186,179.91259382097374
389,5948.806071137105,185.9107752311029
390,5949.553934670589,194.5865425092558
391,5950.755468356529,201.99651365681632
392,5951.503882875913,208.84971718076855
393,5952.70519828765,208.47852165772025
394,5953.454570145458,210.54780447553375
395,5954.429256116386,210.5238736085385
396,5955.631863933169,206.54495682425414
397,5956.380815370025,207.41316583782518
398,5957.356365385446,208.8449591488318
399,5958.5597159701765,207.31648722357292
400,5959.309012312462,209.3977566617531
401,5960.284839513533,214.7281531960665
402,5961.488798224824,217.91597977846118
403,5962.238281639884,221.09636171897597
404,5963.215347624579,218.60537666268095
405,5964.192233303578,211.10753143367037
406,5965.396489483882,204.2965751964619
407,5966.442947551919,196.66619010596915
408,5967.1244478890185,189.72589659833693
409,5968.101313348161,190.07095008106538
410,5969.306641074748,194.00245809200047
411,5970.0576592688585,203.55512281170803
412,5971.034942060518,208.8278264558428
413,5972.241145730494,209.6650354075533
414,5972.991741569779,205.1455625292281
415,5974.198669992413,192.94076436447847
416,5974.948579234689,188.43829735406845
417,5975.927460074198,191.16428467160307
418,5977.134831295071,195.73190908632066
419,5977.886228201794,197.94653858960967
420,5979.0932864913475,199.2670374726358
421,5980.142042536357,196.08878387080824
422,5980.824989684727,197.41560846781294
423,5981.803264178581,202.0986498298115
424,5982.783825726086,204.74516547217834
425,5983.763662091016,203.92782530432234
426,5984.971838006991,208.2240334464804
427,5985.725035930757,208.83291431349485
428,5986.705124696953,208.5557520245408
429,5987.685089170684,205.14329649909658
430,5988.665825497139,201.85656482667798
431,5989.875270399152,203.4730153203918
432,5990.628689159085,202.64793974931843
433,5991.608508384801,199.39449759663216
434,5992.59070431758,194.9673671372014
435,5993.800592385547,193.43358319375062
436,5994.553900426026,194.2925930706967
437,5995.535027194118,193.46949978286509
438,5996.746220084187,189.7377954061602
439,5997.499778393705,181.8780817588863
440,5998.481435772557,180.13168567917452
441,5999.463449599839,177.18079127648974
442,6000.675705125464,187.36134068422984
443,6001.728119078795,195.0180058067812
444,6002.411736766756,192.8351299459402
445,6003.394726657594,192.92269615246892
446,6004.606806657748,189.33922990974207
447,6005.361309739652,188.31319523788548
448,6006.344337871669,189.52528627702674
449,6007.327269481451,195.2080658560503
450,6008.311428485437,197.49941449705625
451,6009.525060521048,192.32318999141765
452,6010.578896546981,187.0532233218071
453,6011.263457122136,186.29741150347755
454,6012.477020457588,189.76527989468764
455,6013.532033555254,192.70644545847964
456,6014.216433592213,198.62335673977947
457,6015.200433977352,204.65843501377103
458,6016.185686218024,206.2547283623912
459,6017.170624989302,208.3573933222869
460,6018.385424296908,203.58615355208738
461,6019.140880938764,209.3232535883859
462,6020.355903350462,208.39716008763557
463,6021.111652528912,212.63555379602178
464,6022.097137846065,214.0299005082917
465,6023.082198471346,211.74810576645928
466,6024.299039415667,211.93341076539775
467,6025.055332684214,214.95915620524096
468,6026.040497184158,216.42861503100227
469,6027.027125602032,217.483573570558
470,6028.013224691636,218.10656820603887
471,6028.999291254219,220.5938623595294
472,6030.217389733737,221.41667973393865
473,6031.274451816303,227.00279172908446
474,6032.261258442308,224.6387293571933
475,6032.947353173985,218.3506861241734
476,6033.935080952458,219.9806097300328
477,6035.152527457604,222.47566649909055
478,6035.909965759215,230.40495060084686
479,6036.896792555801,230.16130003890336
480,6038.115718039569,226.79941269780204
481,6038.873040892286,222.31503323966496
482,6039.860692131822,216.0572496703225
483,6040.849502598641,216.04648690978428
484,6042.068134119341,212.1068506701603
485,6043.127356072303,209.32646614672237
486,6043.814544725659,202.37817710687122
487,6044.80252797048,205.94249051534234
488,6045.791588430145,209.38050986236237
489,6047.01160542956,216.09575771516285
490,6047.7697905279565,218.07530937055418
491,6048.759034269649,226.6860427626704
492,6049.748088458837,222.8161588898547
493,6050.968984787785,210.3564656551025
494,6052.029325614862,209.1959446348406
495,6052.717551426349,207.6134264587034
496,6053.707020603696,205.15092813518484
497,6054.927947416628,195.83767932733255
498,6055.686969863471,196.85899725723152
499,6056.677091119288,203.41000000137862
500,6057.667330103824,223.02764469127095
501,6058.657537877047,235.4095608655542
502,6059.879955294375,239.68461652849345
503,6060.941819202692,237.81648044844732
504,6061.631109671323,242.98100994758786
505,6062.852464968226,242.95333083248485
506,6063.612820085105,235.5611682304745
507,6064.603668868587,237.54064101069102
508,6065.595406884917,232.4990349880112
509,6066.817909978585,221.19378325222738
510,6067.578648048897,217.86156967929097
511,6068.801587897474,210.74989907112595
512,6069.561922970626,205.67299391408844
513,6070.55369592137,205.45443713297487
514,6071.777407385782,205.25954674347457
515,6072.538974541227,202.20813924400898
516,6073.761888671032,196.58653825230985
517,6074.523662437208,197.6598076593559
518,6075.515462336092,199.25127296696024
519,6076.508345509955,206.17771093701853
520,6077.732655536013,207.23750732284944
521,6078.494840831233,203.35793983058164
522,6079.487641892613,209.52994139452687
523,6080.4807053771165,212.59665528644166
524,6081.70576846125,212.47295869354383
525,6082.770217250477,216.46852713768683
526,6083.461538760576,224.5623713959092
527,6084.454735780107,223.70595767980384
528,6085.448282654826,223.81177118108062
529,6086.442399682972,228.27683011998593
530,6087.6687147648345,224.80366494667064
531,6088.432430345742,216.29952670427235
532,6089.656960871734,213.66076834731376
533,6090.420369211363,210.23230802142115
534,6091.646382253853,204.61410718610918
535,6092.409650052106,199.77729081722615
536,6093.635914864547,194.7118733245836
537,6094.701443497693,205.4070851781518
538,6095.394237556677,212.5487102936841
539,6096.389077166445,211.21766685714096
540,6097.384315082672,205.5793254942238
541,6098.611779346269,205.5048880158818
542,6099.375391522696,209.18914947514207
543,6100.602961073059,214.38955467501196
544,6101.367308243347,224.4274139527113
545,6102.594588228477,223.34413239648583
546,6103.6618161105935,217.3727910106623
547,6104.355304485994,212.2786171179442
548,6105.350779732003,207.85321750741755
549,6106.347268653601,207.18193501418926
550,6107.34369227296,204.93316565437158
551,6108.340323706967,207.70106722421892
552,6109.337077420027,212.77888951816246
553,6110.566125867189,202.38766452443375
554,6111.330879020532,191.00322216256217
555,6112.328048887892,192.90159000638937
556,6113.324761129414,197.6035441111205
557,6114.322373284906,203.5844958671704
558,6115.319274194257,214.00454907699475
559,6116.31702905257,231.335663361336
560,6117.314681945393,225.3936830806254
561,6118.312766122947,214.11529382072425
562,6119.310480008076,206.87236159278748
563,6120.307874901344,210.46257069194618
564,6121.306806833105,209.8656608962906
565,6122.536586715282,206.37223104458292
566,6123.30300408891,205.27642067263224
567,6124.53406446895,201.2232723548256
568,6125.300471135102,196.9484322538833
569,6126.298861780203,180.69204250763508
570,6127.297168788052,165.87784472854207
571,6128.2956277191115,166.724776197947
572,6129.295263341809,175.68978202406834
573,6130.293754194442,188.78906001269124
574,6131.526298409906,200.22318648065573
575,6132.29261697688,195.92175356826107
576,6133.525136648485,199.52215121474944
577,6134.291688863044,211.37651127774637
578,6135.523763546759,223.55574447045558
579,6136.291383620002,227.23418129933927
580,6137.291112679339,223.4887782980622
581,6138.523809463451,213.18479787125165
582,6139.291418169121,203.5219677121896
583,6140.524247830744,201.31946422072727
584,6141.291085315235,203.01146874824636
585,6142.52494390467,208.06677674286615
586,6143.5969082438205,213.79241624131404
587,6144.293015975504,212.19709166587566
588,6145.293880254702,219.13664464773166
589,6146.294496859017,205.9253401086678
590,6147.2956997000265,190.67577623303092
591,6148.296413223225,193.0870167177801
592,6149.297805479465,190.92648289296602
593,6150.298932014496,185.59632648866534
594,6151.300524569681,177.52433548986988
595,6152.535131275526,171.3430995531453
596,6153.6078584908855,170.51227584141634
597,6154.305423549713,171.00273849344262
598,6155.540277812614,177.93384900944443
599,6156.3092119694775,188.19728069482116
600,6157.310692091327,190.85331815917192
601,6158.546716539141,191.28384766753788
602,6159.315932402431,189.89261888832974
603,6160.317851648149,189.63857110797355
604,6161.319983284718,185.19365111640033
605,6162.321921117623,184.75105115970504
606,6163.558983265778,188.64856137226107
607,6164.633427134674,190.8055710351733
608,6165.331055731851,188.3783144218251
609,6166.333945436379,189.86644820542838
610,6167.570812438916,197.62341914900247
611,6168.339841612759,197.3724210050428
612,6169.343601412747,202.05390569490874
613,6170.346655506163,204.6349790472221
614,6171.5838252454605,204.657217987235
615,6172.3545436444365,205.060453867547
616,6173.357364454502,203.53129656836322
617,6174.595206613327,206.26858788488204
618,6175.365275952229,200.1511452455746
619,6176.369889178161,194.8316961779691
620,6177.373114864661,191.43708091738037
621,6178.37783404678,187.1888980065273
622,6179.381755005818,190.22219888396074
623,6180.386473998332,186.18082195274724
624,6181.390722689578,179.81873124553445
625,6182.395596078826,176.96921055715623
626,6183.634298892828,191.8248655476114
627,6184.405241230407,200.6110313989588
628,6185.410046489667,206.227631999222
629,6186.649340758277,203.05429262986323
630,6187.726262645118,207.95253465008875
631,6188.425520083549,209.6068265028032
632,6189.6654021738,202.67189609623767
633,6190.436550989539,197.39837733496253
634,6191.676204340807,184.50627188398656
635,6192.447483235863,186.20041465645366
636,6193.452589598692,195.21696419266235
637,6194.693755248349,207.92573219965684
638,6195.771373562665,211.40332120780627
639,6196.471442684246,211.05534012142525
640,6197.476576036871,210.60141293968704
641,6198.483102189613,204.3029544631757
642,6199.489445942722,201.49733042130265
643,6200.495747292725,195.45558907084217
644,6201.502399711226,194.16998356189148
645,6202.509079294183,185.53955586396089
646,6203.515516384075,178.70895619596052
647,6204.757879967679,167.03697323857364
648,6205.530048043113,161.39437848931755
649,6206.536304466704,166.68401015655436
650,6207.778474483687,175.381706696549
651,6208.551031778073,178.99177590878332
652,6209.793317223953,170.5418063843654
653,6210.565800516842,163.9906343164904
654,6211.573320631744,164.7707682706863
655,6212.580082330009,172.950477044493
656,6213.588124059908,177.98240781617565
657,6214.8312830112045,185.58460437790282
658,6215.603928971908,182.92085828360453
659,6216.6121800181445,183.89482932393506
660,6217.619834044745,181.09554017860452
661,6218.627955230538,179.1186528640861
662,6219.636463219215,175.31468151297315
663,6220.644991508934,173.31799221090162
664,6221.888555878354,164.69271364688913
665,6222.662132369532,162.79715490928447
666,6223.6701090387305,174.84199849493683
667,6224.678698066865,190.6821424502123
668,6225.923922832703,204.39212112746523
669,6226.697094401251,204.28670575750758
670,6227.941903374396,194.75548441052814
671,6229.022971058828,178.31159854681655
672,6230.0325550900925,173.62185158587857
673,6230.733780850633,164.12101181868545
674,6231.742927008161,166.76083301984792
675,6232.988018132751,175.01433113455903
676,6233.762077997684,180.19981081137425
677,6235.007886614896,169.82912674380205
678,6235.78144254265,163.7947028663477
679,6237.027009753325,164.02483741476212
680,6237.801809254205,169.53927346374348
681,6239.047595415401,176.0617018179415
682,6239.821967582485,180.41247750708857
683,6240.831509596483,184.14264228024697
684,6242.078350328469,175.35836527126526
685,6243.160719303852,163.85837842335502
686,6243.863525456667,150.63830821024374
687,6244.873434881885,146.9573338650463
688,6245.884733456044,147.7749353589895
689,6246.895289512688,149.95248110235934
690,6248.141775704599,158.70137932792278
691,6248.917171583393,162.90912827394718
692,6249.928004991463,157.81293684878196
693,6250.939346219853,163.04022270451324
694,6252.1861470164595,182.06191038106255
695,6252.962842017364,189.53872545843936
696,6253.973061251738,190.31750173505876
697,6255.221389702892,188.52638165525133
698,6255.996464011651,187.3077851104788
699,6257.008130871983,187.99810244117688
700,6258.255930448914,196.8614614787911
701,6259.031810590558,205.59923988009328
702,6260.044134890457,199.91314014066396
703,6261.05579536211,190.09972645584293
704,6262.304447314666,194.72054658025078
705,6263.388685959913,205.12363336342102
706,6264.092949220425,213.09293681178707
707,6265.341357280617,208.1308576323801
708,6266.118302223455,204.5765254627055
709,6267.129849904725,201.78172428912038
710,6268.3792103411,205.9838887639537
711,6269.156248365025,207.89639949187554
712,6270.168935354989,193.16531313333118
713,6271.417656227593,178.54595837032684
714,6272.19518949047,168.06923265919266
715,6273.443367414409,184.91582091799327
716,6274.220814374946,202.1809817922085
717,6275.470724137431,221.06001233960734
718,6276.556135496958,221.82508816812506
719,6277.26121353231,217.46192123272206
720,6278.274667043354,205.51952835704202
721,6279.287951260655,203.62626005340954
722,6280.301857722774,210.68278774541903
723,6281.315722211639,207.14936217595317
724,6282.329605858012,197.08681026398
725,6283.580261385818,190.21459440192635
726,6284.358232029377,186.26364031304635
727,6285.37203973381,183.46676401024627
728,6286.62264598816,185.1381817549553
729,6287.401095498568,180.7615117228823
730,6288.415314134577,181.21489276745612
731,6289.429293904383,178.75648279156727
732,6290.681067865557,172.46920536004723
733,6291.459127576687,167.91841810892814
734,6292.710155459794,180.37776137095918
735,6293.488708638267,191.74384186262023
736,6294.739926876595,208.60548080549577
737,6295.518833622918,210.7529566232029
738,6296.770460658657,212.80286110717503
739,6297.548801604012,215.58337446618597
740,6298.800641436335,219.85539488024045
741,6299.578991541078,221.62839232114618
742,6300.593365284854,217.3460092641559
743,6301.610051857519,214.09777768986604
744,6302.626689199243,210.02250775109493
745,6303.642756300022,185.89644636384733
746,6304.894664487391,186.71105822373943
747,6305.6744334787845,184.28142278178242
748,6306.689232835757,186.07940321671194
749,6307.705311119125,188.23852329168267
750,6308.721784745668,191.7700635742398
751,6309.737787748477,184.85319345588104
752,6310.991241138679,186.207000291342
753,6311.771136380223,189.05941755846442
754,6312.787187926218,190.13703334417377
755,6314.040711303716,214.0184104461616
756,6314.820660185887,225.58636947096207
757,6315.836905457908,227.90983180736973
758,6316.853809524995,212.56984987282266
759,6317.870849748434,207.61507240956877
760,6318.887370241062,200.5482504789943
761,6319.904710186854,204.11071648716563
762,6321.159519055383,208.19273191915713
763,6321.939137119733,212.07400261008445
764,6322.956847282675,217.83922217691804
765,6324.211480357352,208.98416968781515
766,6324.991130028464,196.3545802366892
767,6326.008705778442,196.15225437154524
768,6327.026781831993,195.0906860385028
769,6328.281757411986,193.7006888571331
770,6329.372491057256,209.0584648020157
771,6330.079885512248,216.768817602064
772,6331.097836067971,221.6163192943485
773,6332.116215206123,212.8789722909206
774,6333.133832311106,199.70907641584844
775,6334.152070385308,202.83326297374563
776,6335.170315941003,199.59674882657384
777,6336.427240300503,203.86882546553616
778,6337.5185416633485,213.71544393824806
779,6338.225994119952,225.0325464034607
780,6339.244361530381,225.19601982796956
781,6340.50165491115,221.03369190207692
782,6341.282356238642,219.89244459183834
783,6342.300702535319,217.29054786552342
784,6343.558219853785,203.52272089462306
785,6344.6504164640955,197.09032743339225
786,6345.35795410453,194.6834114975725
787,6346.377185298193,186.48624153152696
788,6347.634820686309,180.82219606174075
789,6348.415951038367,182.61022529514833
790,6349.673871214338,187.07509224176675
791,6350.454584861096,183.3742555358476
792,6351.473931404735,178.34935268654147
793,6352.7327582903345,185.9591430062202
794,6353.5135761719075,190.26373363041347
795,6354.77238971192,194.41560345856766
796,6355.553215258931,198.52223968949548
797,6356.812118400151,210.16409560844505
798,6357.593540192134,214.59431461568983
799,6358.6132056835595,225.98468506063153
800,6359.633466626999,223.96347731456513
801,6360.654020968022,222.02295190626853
802,6361.67409051694,226.1543285467197
803,6362.933319153801,228.44794091463683
804,6363.714561669916,230.88685951392912
805,6364.735108704498,234.4406924388171
806,6365.756453467786,233.4243308624905
807,6366.778588697324,236.99455841074072
808,6367.797995738397,226.9488131277413
809,6369.058461190612,224.12155902536753
810,6369.840428301296,223.69820560185497
811,6370.860683401601,222.0999179710351
812,6371.881895556188,221.22307567445816
813,6373.143165904972,219.25684798595574
814,6373.925513852555,213.30880045458318
815,6374.945957342401,221.0039878494615
816,6375.96765160356,229.493768160515
817,6377.22870690498,233.0512712015169
818,6378.32433274475,227.97605756860048
819,6379.032793073818,220.95072917184615
820,6380.2936031066765,218.05661843929116
821,6381.389672583414,208.75114909052235
822,6382.098309373912,199.45077415022968
823,6383.359661658847,195.7984961784326
824,6384.142496654066,199.65243382931777
825,6385.164122895305,204.95268130547214
826,6386.426250519907,221.31180921134123
827,6387.20903079075,230.3268865197248
828,6388.471257632258,220.0123915547092
829,6389.25409790265,207.4053358413225
830,6390.515690065962,212.1624567342513
831,6391.2991609406445,217.61194618090738
832,6392.321730701673,221.7047972357772
833,6393.5841889636185,230.39102689666845
834,6394.367043925647,236.61209677880123
835,6395.3903645701375,247.5508762307305
836,6396.412819076561,240.4048114000811
837,6397.436481129075,235.80190623653462
838,6398.459188876148,228.59655942333384
839,6399.722314557891,213.4879080926688
840,6400.819369226643,213.7047358036275
841,6401.529522810531,219.92806939444014
842,6402.552695468486,229.82907822565372
843,6403.576569714779,232.50502147959713
844,6404.599715668857,225.11183170858254
845,6405.86333938815,222.57897615705548
846,6406.647569552812,224.06849667476496
847,6407.671021445469,230.62461487956568
848,6408.934803333878,225.59605754178395
849,6410.032767493417,206.92673109399314
850,6410.743619359096,197.3924624234861
851,6411.766860689712,201.96031081205652
852,6413.031357558893,224.58005730676075
853,6413.816163849353,238.54307720768747
854,6414.840390924196,240.24482942410606
855,6415.864619443213,234.4346656537325
856,6417.128774179389,224.25118312431707
857,6417.913626873314,224.3331600428262
858,6418.93825184474,216.66203027348635
859,6419.963227502324,210.94154775885195
860,6420.9878725480985,206.51855411540177
861,6422.25263037517,197.63119461190664
862,6423.038215935413,193.05613605545634
863,6424.062417055526,204.90774180262065
864,6425.087790811422,225.8754789338697
865,6426.1127307198485,235.97847020500225
866,6427.138294181973,232.3161590696451
867,6428.163755385016,221.32257270235885
868,6429.188718518072,212.78620330661215
869,6430.454320782761,223.50098713362547
870,6431.5535994422535,247.25012437370955
871,6432.265706905576,264.2824928777553
872,6433.291744733347,271.8665035459945
873,6434.3169557488545,254.28138753624748
874,6435.343047094087,240.15507845300561
875,6436.36846891102,242.52324028135394
876,6437.63528510147,241.46652691035368
877,6438.421370116771,241.29615056149214
878,6439.4469775030975,240.7783365801913
879,6440.713534942468,224.64919612333713
880,6441.499794734796,221.66598783272886
881,6442.526045494538,225.47607027830696
882,6443.792722651917,236.55462643361972
883,6444.893118343984,242.23714658463882
884,6445.605798959017,242.15214792945267
885,6446.632113367909,237.24974519659017
886,6447.899325321372,228.63171992647628
887,6448.685868107637,230.8124246482395
888,6449.953117361708,228.18702048045344
889,6451.053903488335,224.07102892551532
890,6451.766701122076,220.66671828311465
891,6453.03440910689,221.37212393354812
892,6453.820972620455,218.69418060731476
893,6455.088358490325,218.97210366904162
894,6456.189604070238,226.0956452585764
895,6456.903357681472,235.08876013686094
896,6457.929811362061,248.82502621112306
897,6458.957964944872,245.02742941431194
898,6460.226014979559,231.01362209448888
899,6461.013062507959,228.16126396309647
900,6462.040597784329,230.07548071331348
901,6463.3093562024915,222.68024000694152
902,6464.0969167332005,221.03287497522896
903,6465.123783874215,224.85725992221091
904,6466.152168905627,226.1284500894699
905,6467.180026330713,219.8668487333875
906,6468.449461808975,224.24042918020515
907,6469.237540224492,226.42560616332432
908,6470.265371978203,221.13240603646744
909,6471.534451404317,210.87508893094292
910,6472.322490314233,204.12642326620795
911,6473.350559194408,205.57462396563423
912,6474.37905647111,205.9173253074029
913,6475.407242716233,217.73761225009775
914,6476.677670822042,231.70646753397818
915,6477.465740976701,232.94918593156055
916,6478.4936437280685,228.82525292952107
917,6479.764404947667,220.11792467880963
918,6480.552251949843,213.18417193276767
919,6481.581297823381,197.37806412991333
920,6482.61037069075,183.79162343462158
921,6483.639578183021,170.34060468451392
922,6484.668942732734,161.2111360341767
923,6485.69723132033,156.8310995794156
924,6486.96968043467,148.5904546410961
925,6487.7578233622025,147.55461655393205
926,6488.78623231815,152.8337022042962
927,6489.816237990816,171.41723829716005
928,6490.845937853204,186.77673828868978
929,6491.875968652268,201.9875944739012
930,6493.147515981744,215.00455473927317
931,6493.936099806688,219.90477711741894
932,6494.965380726475,216.21262963653166
933,6496.237793267561,222.43449492994696
934,6497.026590767498,223.21123305427352
935,6498.055729788727,232.6538610793753
936,6499.3284132615345,235.481024467535
937,6500.117338423523,233.56986209321886
938,6501.147238741738,235.31527264964038
939,6502.177738986962,234.89531756878353
940,6503.450628152533,228.46675279386486
941,6504.2394947818775,222.08875373619395
942,6505.511757825359,215.2396535750711
943,6506.30073298564,214.7236455916762
944,6507.331700103374,215.95218418360244
945,6508.362580634337,219.54601922717006
946,6509.392436642782,223.33087475187034
947,6510.424755805072,236.30501932729567
948,6511.455613246904,235.47921237336539
949,6512.486320973323,232.50920084628092
950,6513.760146660379,242.08996715340945
951,6514.549514004411,238.83170454022857
952,6515.823127444128,234.86881463478437
953,6516.612198064696,231.3238733105798
954,6517.886247414885,220.09443504940876
955,6518.675856737108,220.88249063515354
956,6519.70657960546,233.4790169991566
957,6520.739016210755,241.17743910904028
958,6522.013028062858,240.3111573732102
959,6522.80317572778,239.89642219897743
960,6523.834244825378,243.30414076504292
961,6524.866494712865,249.39575686042144
962,6525.898708731638,254.19772716415343
963,6526.931125409294,250.56276569430696
964,6527.962798853531,247.0874122894908
965,6529.237784333378,245.60549408758482
966,6530.028317978026,241.2542913123053
967,6531.059977108122,233.36588906737387
968,6532.335078433242,234.19279928638855
969,6533.1258090873935,229.231626946499
970,6534.400415935345,227.60024536311556
971,6535.191163469948,222.58223013119763
972,6536.223660273345,221.42824763066832
973,6537.256299319631,219.5456385220151
974,6538.289230328214,212.33994266288985
975,6539.322776929038,212.53163531094117
976,6540.35491154528,219.28340472632757
977,6541.3886590489665,225.30186646758213
978,6542.664468663139,218.65829846908753
979,6543.45521329056,210.5346202738938
980,6544.488655986408,203.86073574929307
981,6545.521811825228,206.52204736487636
982,6546.555261835429,204.6528926054374
983,6547.831496665048,207.71680984302648
984,6548.62283499264,212.12414400473165
985,6549.898665842206,212.7770932715013
986,6551.006507336062,229.7804753637892
987,6552.040488188544,302.68833240105886
988,6552.75705835957,397.1294919552362
989,6554.03436224076,463.0686513029635
990,6555.143393049405,358.6540830826387
991,6555.860415569912,297.6243763310757
992,6556.894308182468,333.8244911327369
993,6557.928556128181,304.5929341572901
994,6558.962408900132,269.8136785149062
995,6559.997144647428,245.40471685994285
996,6561.031467916652,225.96382713036726
997,6562.06571331218,215.99976457552393
998,6563.10041111696,211.54793878711624
999,6564.1349396216065,210.5047329611923
1000,6565.169921189513,208.9959441966279
1001,6566.204352185973,210.13246834035493
1002,6567.482142691145,223.24749470296044
1003,6568.274501093126,231.622030455021
1004,6569.309624339499,238.01487979148305
1005,6570.587117285291,242.42120296644498
1006,6571.380438733198,240.29878357786444
1007,6572.414628501744,239.05616149697093
1008,6573.450047692493,233.16506462617642
1009,6574.484991323138,231.1753204351724
1010,6575.520359774345,243.72084353080626
1011,6576.556503670196,245.5159982329172
1012,6577.591588549204,234.9774245635676
1013,6578.626930752146,237.2989277035416
1014,6579.6631270608605,238.62695674149813
1015,6580.698905722339,225.06122644469983
1016,6581.734403186073,214.64626624335898
1017,6583.013422667371,212.8989838089522
1018,6583.806768690476,208.17489884129353
1019,6584.842362549963,212.19381423966408
1020,6585.878414086165,222.95708233473079
1021,6586.914328784697,231.73852403517824
1022,6588.193769477439,240.21661418725282
1023,6588.9871242748595,242.7122240810802
1024,6590.023291601311,253.25442925974218
1025,6591.302986611421,249.71924068710587
1026,6592.096481384435,245.76035023134142
1027,6593.132606513526,242.67276848289174
1028,6594.169083821872,233.33020898531214
1029,6595.449588412299,225.7045730780821
1030,6596.56088231094,219.81194421903433
1031,6597.597538021271,221.706660791549
1032,6598.316547729114,221.3019085777126
1033,6599.353327206218,224.5391102272504
1034,6600.63355041893,233.29561718029152
1035,6601.427641625837,239.33610868835234
1036,6602.4649694528125,232.24225011874438
1037,6603.7451217410335,241.61768118371498
1038,6604.539133708286,244.02769464940025
1039,6605.576754728027,247.8325704557038
1040,6606.613521396447,249.1375619836527
1041,6607.651505545322,252.65176301668134
1042,6608.688511712521,250.86502893940462
1043,6609.726593367645,251.0557038314433
1044,6610.764374849182,256.2286715002307
1045,6612.045194658584,256.5660484161001
1046,6612.839935097465,247.97829086312933
1047,6613.877809703376,236.44587335502416
1048,6614.915541331857,237.85161666634662
1049,6615.953580987916,233.1746112871732
1050,6617.23505734761,233.11528955392265
1051,6618.0303564703,240.4999178660818
1052,6619.068283629172,247.603888508454
1053,6620.106012989291,244.55215786291782
1054,6621.144567615378,245.94234828281412
1055,6622.18308402277,238.59152133322752
1056,6623.221657935142,233.4291779985142
1057,6624.50359270228,227.79276959394375
1058,6625.298913112503,229.6820227035373
1059,6626.337413605942,239.74816413843888
1060,6627.3756734935405,241.77884206974176
1061,6628.6587131824335,241.46146385168632
1062,6629.454530996073,244.10247575714996
1063,6630.492997810653,241.93959869610106
1064,6631.775161615001,234.46943590447793
1065,6632.571441697117,225.81396705328885
1066,6633.61023257965,220.59591122358103
1067,6634.649309274511,214.78959054501684
1068,6635.932383956311,212.13573690543453
1069,6636.728285538849,214.21083929622313
1070,6637.767079691503,226.74656753723463
1071,6639.050796540255,230.43559327173372
1072,6639.846654520133,231.41655552165273
1073,6641.129945915628,237.61039483711914
1074,6641.925724477232,241.2990795191727
1075,6642.964913389677,236.18882596140074
1076,6644.249361944235,234.42277590362983
1077,6645.044783641019,235.9504294845497
1078,6646.085067829208,243.62628521415988
1079,6647.124911750121,239.05676553369364
1080,6648.1651996202145,234.57076794160656
1081,6649.2044120251385,238.45591102697887
1082,6650.245631896139,237.00005021993942
1083,6651.285691157384,223.8657072642899
1084,6652.570092942987,221.03843248109655
1085,6653.366737039595,216.7686110703196
1086,6654.406482333578,216.36093860013364
1087,6655.447235994721,223.02662862339494
1088,6656.488158923403,224.65129864252444
1089,6657.772709751389,235.3928848182572
1090,6658.569399638058,233.15419677725234
1091,6659.610313778852,233.34794664923962
1092,6660.895325316414,241.5156453930271
1093,6661.692496455101,239.97988396437222
1094,6662.733117650312,236.2056342887068
1095,6663.773774072637,237.70638990386914
1096,6665.059670922373,233.11804765487346
1097,6665.856593567313,223.3779241608585
1098,6666.897468639607,211.10718076433494
1099,6667.9389694035,216.35150342972275
1100,6669.224905564013,223.58321409817253
1101,6670.021782491149,229.2661107665721
1102,6671.063111191891,233.17011738614298
1103,6672.105082736944,239.49012057931614
1104,6673.3908131700155,243.730028330424
1105,6674.508031259967,252.81899768922565
1106,6675.230416213383,253.90887042268017
1107,6676.27149845162,260.5352539370601
1108,6677.3137943035945,258.02680853185785
1109,6678.355427944643,259.8298606383013
1110,6679.397873597356,254.5255555231382
1111,6680.684547010042,255.96223732737886
1112,6681.482360905577,254.58269284013932
1113,6682.524394317623,246.84531271887846
1114,6683.811012785247,251.72904754984648
1115,6684.928866984097,251.45389458945948
1116,6685.651864303266,250.73537052119084
1117,6686.694151353135,246.37585842761487
1118,6687.736842436726,243.89985683925394
1119,6689.0236662502375,249.09027352390342
1120,6689.8224478516395,255.43024753993564
1121,6690.864669774026,256.577607493436
1122,6692.152035860504,250.1454221522262
1123,6692.950368124569,244.50390516498965
1124,6693.99366590701,236.45752373083198
1125,6695.0360133408185,232.86581065058996
1126,6696.079201120026,238.87465711208867
1127,6697.122605260191,246.9266303195471
1128,6698.165859244229,244.26003355117768
1129,6699.454006816147,237.3192453349216
1130,6700.252826717086,233.9796801581957
1131,6701.295371915205,233.12202661410362
1132,6702.339330822744,237.20433038780254
1133,6703.382614262301,244.71267428966428
1134,6704.671833287791,241.09220655312237
1135,6705.470684073945,231.88199125671426
1136,6706.513883930464,224.78839586778156
1137,6707.802628084992,232.37610815414527
1138,6708.922336330763,245.3310189585934
1139,6709.645780345125,245.29034526365066
1140,6710.6894357738465,243.308901667116
1141,6711.978683672652,241.8411934573236
1142,6712.778270869688,243.26684790706264
1143,6713.821532005387,250.15352032683248
1144,6714.86619932266,257.40617601985656
1145,6715.910948237828,252.05173424531702
1146,6716.954724798076,247.23210833107368
1147,6718.244595888961,244.72464146086824
1148,6719.044208742504,246.05272209495925
1149,6720.088548155385,255.11866133633322
1150,6721.378722884774,251.31370605452796
1151,6722.1778323169665,250.27639377722593
1152,6723.468533812192,241.8399871000419
1153,6724.268248039381,237.31494832371615
1154,6725.311995446761,232.58842625040523
1155,6726.603376061615,228.23147004560187
1156,6727.402582228811,228.88483642870457
1157,6728.447568095963,225.379142295117
1158,6729.493028148417,226.74009108746196
1159,6730.783732327605,222.17220555810914
1160,6731.583373012221,224.03047539222726
1161,6732.628576710371,230.2363525274073
1162,6733.919942209904,239.54476182906168
1163,6734.719703873741,241.52653667972444
1164,6735.765238884791,247.92163909643912
1165,6737.056508961868,249.6554571762584
1166,6737.857092675066,242.29505113367085
1167,6738.9023535116785,229.92431857862246
1168,6740.194006983963,223.94540537982107
1169,6740.994068026917,232.65762084539458
1170,6742.039918725744,239.47081658307897
1171,6743.085682485185,251.29340554728796
1172,6744.132165592572,251.67507189653227
1173,6745.178168976524,255.68035374988838
1174,6746.4699278802955,253.57891987046722
1175,6747.271384643479,255.17512076569236
1176,6748.317084490005,269.36113430874775
1177,6749.363568181076,266.9129601277181
1178,6750.656007272187,262.83788848677847
1179,6751.456682537366,263.79820704887277
1180,6752.7491174101915,263.4183699544243
1181,6753.550389829123,255.17629873138958
1182,6754.842458061314,244.74529600529223
1183,6755.643829062675,244.28924641295333
1184,6756.689685479269,238.6490547329105
1185,6757.736999502322,237.95045341425273
1186,6758.784097042189,239.2181518996753
1187,6759.830616959076,244.33372246821992
1188,6761.124391709112,248.438123780504
1189,6761.9257736097725,245.77596974309623
1190,6762.972304160019,243.76173209819518
1191,6764.265973238795,251.9186059744892
1192,6765.067220514847,256.27423188702215
1193,6766.114776756418,264.14599045360507
1194,6767.162005299357,262.1342735949299
1195,6768.2100237823915,259.1543865233298
1196,6769.257015027896,257.49373578375594
1197,6770.304720789663,257.56060521062494
1198,6771.5989335617605,266.5317794609841
1199,6772.401031467076,263.948985283376
1200,6773.448645528534,249.38292915527072
1201,6774.496345065624,244.27462675754532
1202,6775.544286157271,243.2343099573082
1203,6776.839063758269,241.90676943415684
1204,6777.640746860272,239.72659344149156
1205,6778.688738884128,240.2853633833199
1206,6779.736939567478,240.06199891178008
1207,6780.785083897951,244.02440965115824
1208,6782.080530271309,249.10202004950966
1209,6782.882653325983,257.3631742415179
1210,6783.93068556483,247.72294345282828
1211,6784.979386183963,242.48643343822752
1212,6786.027700353572,247.23471240759997
1213,6787.323186809099,258.40727468322063
1214,6788.125740898605,266.49964009136727
1215,6789.174015755854,273.11366500246567
1216,6790.223233324741,268.17321587583547
1217,6791.272594680914,263.16342263682037
1218,6792.567489424317,257.7846911255011
1219,6793.692739216258,250.07752729545103
1220,6794.420138658921,244.1974096840985
1221,6795.468928572497,247.75264212330498
1222,6796.51793408078,246.87592945588003
1223,6797.567466938964,243.5158378890283
1224,6798.616793471639,247.44448573072538
1225,6799.912580237103,244.66745445372425
1226,6800.716720826493,249.24783530610037
1227,6802.011883522479,248.0679967687143
1228,6803.1377244599635,248.2424774126751
1229,6803.865124986502,248.7133766190277
1230,6804.914405412305,246.2327501607916
1231,6805.964778508972,253.08118487913933
1232,6807.014170033085,260.714137500432
1233,6808.064348695145,267.8132693786563
1234,6809.1143332427155,263.4336600296434
1235,6810.41128097671,256.09676256107946
1236,6811.2147648711325,256.64101575711095
1237,6812.511435301768,262.1900026493586
1238,6813.31574582443,263.98996579771733
1239,6814.365318081888,266.8949481513176
1240,6815.4160757110385,268.21400556119653
1241,6816.713617221787,263.54268538409394
1242,6817.5178236588035,250.80087112170298
1243,6818.567501994916,248.39759391436124
1244,6819.86495544724,252.6388937234741
1245,6820.669413743391,257.3091501844935
1246,6821.966632473961,263.5734503743322
1247,6822.77152724664,264.99039039920814
1248,6823.821792862553,259.46953210150673
1249,6824.872957980236,254.83891046628247
1250,6825.923627623226,259.6350608695276
1251,6827.2215919166965,258.31977860460944
1252,6828.026384299416,254.17329089556117
1253,6829.0771744416315,247.63199105517157
1254,6830.128778413859,239.26015006431945
1255,6831.426934957274,238.6541566032009
1256,6832.232258770766,239.46405516330339
1257,6833.2828054292695,246.84283493049435
1258,6834.581448660124,246.9302956375974
1259,6835.386539251345,252.73721517883254
1260,6836.437819975346,253.59889588493132
1261,6837.490067116372,256.95253688849056
1262,6838.541206769719,256.2465513652232
1263,6839.593099246906,254.25497814219398
1264,6840.645220813564,256.7852440163956
1265,6841.697505687874,257.8071732412792
1266,6842.749341501985,255.58755617525006
1267,6843.801198664797,253.04571392347736
1268,6844.853897184139,240.91713971575354
1269,6845.905319884372,240.6211192135156
1270,6846.958393953507,247.83353010769355
1271,6848.010701082992,254.0261955686138
1272,6849.310143987679,248.6601448200074
1273,6850.115508740288,254.7067962607591
1274,6851.168093221288,253.31062519084733
1275,6852.220575186596,257.78709547468424
1276,6853.273354393228,268.54176909639756
1277,6854.326146383859,279.2558659565424
1278,6855.626264860628,284.7823377077107
1279,6856.432213301979,286.270655367324
1280,6857.484916500609,277.9022193472053
1281,6858.537606506379,269.6745000551934
1282,6859.590896086785,270.9528992010213
1283,6860.891555289817,277.03359515464274
1284,6861.697580468029,274.0610853815381
1285,6862.750281574799,266.87916414235474
1286,6863.803406280721,255.1959576738669
1287,6864.856685679564,264.1903439269147
1288,6865.910742070374,275.24671451455634
1289,6867.212245684157,270.6274982694055
1290,6868.018520931404,240.04059948169797
1291,6869.0716649274855,185.9423053235277
1292,6870.1241596785185,169.76410276864118
1293,6871.1782413216115,184.22010267154985
1294,6872.232670783113,197.968836695616
1295,6873.286329417588,204.07874794730327
1296,6874.587726022984,213.03943708626832
1297,6875.394881448653,218.30719652351564
1298,6876.44804061316,220.99562923876306
1299,6877.5024090844045,233.16564645373043
1300,6878.55671957783,246.51022397864088
1301,6879.610353545558,253.68403125341408
1302,6880.665125463528,267.544010950546
1303,6881.719597599856,279.09790585661193
1304,6882.77389318374,283.05591928124926
1305,6883.828751955988,266.24784234447554
1306,6885.130947331384,252.51472095529368
1307,6885.938055183688,246.7049089665117
1308,6886.992587679327,232.78243765790828
1309,6888.046932489657,235.76330335053407
1310,6889.3499104807925,241.57105292645937
1311,6890.157173737552,229.76166956813714
1312,6891.211322396852,229.19584603164108
1313,6892.2664847338165,251.1360724944616
1314,6893.56987638481,238.80312289935986
1315,6894.377151497814,231.59648706695552
1316,6895.431357445527,251.48610483835375
1317,6896.487531249843,247.43217195450066
1318,6897.790722994526,228.5839773812302
1319,6898.598220341198,236.14353118888235
1320,6899.901119702019,249.16531856685776
1321,6900.709220512517,228.5173172005059
1322,6901.764122231556,214.02420013514097
1323,6902.819781150638,233.24637823490087
1324,6903.8753450860195,241.2814250252771
1325,6904.931149973599,223.9217037677692
1326,6905.986476075293,227.45228321395297
1327,6907.29113114573,255.42273686764912
1328,6908.099410506474,266.9229729794293
1329,6909.154808866177,245.29323996973332
1330,6910.210261749774,229.39852262532878
1331,6911.515341314812,243.1723223188387
1332,6912.322767703739,252.8035203789999
1333,6913.379107061539,243.5966016884274
1334,6914.435161210208,229.03377244523406
1335,6915.491793266785,224.5584372073035
1336,6916.5479311559075,235.9922679202297
1337,6917.604134440938,246.70907185889772
1338,6918.660663416271,242.6313900910884
1339,6919.966059378884,235.22699347232518
1340,6920.774702341581,240.237753532302
1341,6921.830856388444,244.3065150207068
1342,6922.8872659124145,244.0723103749353
1343,6924.192780573447,237.38612037961653
1344,6925.001218959698,236.0857716294726
1345,6926.058390929943,242.26101134022534
1346,6927.113986319,240.00027007735235
1347,6928.171454941912,236.5131561333938
1348,6929.228328039796,231.93390861011954
1349,6930.285309025713,224.15669803289248
1350,6931.592271941312,220.3682309325047
1351,6932.400838744779,215.70408948494287
1352,6933.7068949560635,213.03576249846137
1353,6934.515776621898,214.01394141245302
1354,6935.57331375329,208.56557282073896
1355,6936.879101324545,217.1022433021383
1356,6937.688405714991,220.1135691721758
1357,6938.994584497232,225.45296434772175
1358,6939.8039392945975,223.78140784603872
1359,6940.861111401754,217.7494081099319
1360,6941.91905556457,210.78240615952873
1361,6942.9770488809345,214.655892548667
1362,6944.035132800499,216.68703271513385
1363,6945.092569126466,218.42241922470623
1364,6946.150602482855,223.720247910003
1365,6947.457748921426,237.5652347320397
1366,6948.267472856028,241.64138626335927
1367,6949.325140364934,237.65216940235652
1368,6950.38374307403,237.1001311078767
1369,6951.442411421642,241.54829165476195
1370,6952.749358304357,245.33187235105396
1371,6953.559086281115,246.64994471869528
1372,6954.617747817589,237.65268452598366
1373,6955.67577853543,251.24741249176378
1374,6956.733775936019,263.5469794954393
1375,6957.795196582142,247.93495960135292
1376,6958.851274903672,241.82436845414412
1377,6960.159741174397,250.61417655035785
1378,6960.9704883026225,243.54879935133158
1379,6962.029064340799,236.1849591783063
1380,6963.0874843649335,241.03371953661903
1381,6964.147064952866,241.34581581028115
1382,6965.205857765792,227.0187045171845
1383,6966.2654064506305,219.0107221020709
1384,6967.573096691012,219.59964833567983
1385,6968.38404539518,219.10383175814493
1386,6969.442850889511,219.6586306780739
1387,6970.502218993509,234.73640728818677
1388,6971.561541516821,251.3377388415956
1389,6972.621522586734,261.54093187427486
1390,6973.680686814086,257.41744386744017
1391,6974.740709784859,248.93013586000072
1392,6975.80016199369,241.82066960668385
1393,6976.860112869041,239.18820531329393
1394,6977.91931308158,241.34429044198217
1395,6978.979442032273,247.38957049324486
1396,6980.0397789832095,257.2757009371557
1397,6981.348607445766,258.55358654826057
1398,6982.485412826822,254.45375126554734
1399,6983.219688995832,250.76381486773957
1400,6984.280297140895,252.29419847628355
1401,6985.588897929144,250.4857908758258
1402,6986.400699648016,249.09004357035494
1403,6987.460520846658,243.21099211956644
1404,6988.77021050079,239.01582707811068
1405,6989.581935403284,235.50239109626315
1406,6990.642114640663,237.0848491532613
1407,6991.951470822661,244.70969548403525
1408,6992.763207609366,246.4079851879283
1409,6993.823962988638,238.86280833851953
1410,6994.884357398794,237.76834059967462
1411,6995.945150568398,243.0372783696352
1412,6997.005923830409,244.82527080817803
1413,6998.316018807018,245.63797384382383
1414,6999.128228267127,243.8334153388239
1415,7000.43810102474,246.00212612250678
1416,7001.249966333299,244.03508272743417
1417,7002.560566459594,236.21289076717176
1418,7003.372940679159,225.11153399493864
1419,7004.4331988872755,223.42383503234674
1420,7005.495085473513,223.8086668765782
1421,7006.555926565705,229.57559510226497
1422,7007.617503991659,232.83207284617936
1423,7008.678591279067,235.56313119189645
1424,7009.740436181919,236.29832353802303
1425,7010.802119886519,240.90919752104978
1426,7011.863091136886,244.11791115018835
1427,7013.174973107601,244.59202927132972
1428,7013.987205755732,246.09228012526864
1429,7015.0488898656595,237.4733393738531
1430,7016.110453620223,242.4976006745728
1431,7017.172426195947,251.8740682522554
1432,7018.483921016215,264.21772049002504
1433,7019.296877108505,265.5043506992597
1434,7020.358660626785,260.5241311190923
1435,7021.420591101122,252.80650498525623
1436,7022.483125143314,248.90385591256484
1437,7023.544826173134,255.91896616040202
1438,7024.856858999721,266.00328027648465
1439,7025.6696770251265,268.79361705355154
1440,7026.7321650961785,264.519206657544
1441,7027.794911837286,249.40003797692967
1442,7028.856770539419,242.69410246742802
1443,7029.91906309899,251.04055945182807
1444,7031.23204195388,280.03119011143315
1445,7032.04579297503,287.5878884199632
1446,7033.107160511725,289.2897411268891
1447,7034.170442079184,283.74750029059305
1448,7035.232879846875,276.80665585882394
1449,7036.296173561362,265.4387542596411
1450,7037.358696414291,265.1425726207612
1451,7038.421865411685,267.0740189454033
1452,7039.485193750049,274.4302925518367
1453,7040.547826281394,262.96647586092814
1454,7041.611408280724,245.70273894800604
1455,7042.6744442879435,233.39356766440162
1456,7043.737901797212,233.10609190729542
1457,7044.800587958112,240.84898036733728
1458,7045.863880681163,252.37904304609086
1459,7046.928193566239,259.87215451511275
1460,7047.991166204609,267.40437251768515
1461,7049.0548337553,253.4452162708853
1462,7050.118375802892,233.5545101987201
1463,7051.431505903599,226.82213351781286
1464,7052.246149435666,226.88798189122963
1465,7053.309330571225,235.07093155819246
1466,7054.622614795273,240.12385257403696
1467,7055.437374250177,238.7074747996158
1468,7056.500974929018,224.2857724658468
1469,7057.564690100765,216.7362405223852
1470,7058.878196765261,225.69051788951595
1471,7059.69291418632,234.32346349958138
1472,7060.756725893563,244.2614944770104
1473,7061.820879167947,255.70071482053925
1474,7062.88546794144,256.00705050366815
1475,7063.949137111237,257.63731980300076
1476,7065.014108765321,253.3783075749666
1477,7066.07836170138,245.22740271909714
1478,7067.392111727591,241.2351203486098
1479,7068.207114959423,241.02686038225107
1480,7069.271311300324,248.135406973345
1481,7070.336740097632,249.63955653302656
1482,7071.400487616237,234.05970662265185
1483,7072.465735700428,212.23921528374225
1484,7073.530243946062,203.33939084129995
1485,7074.594519913108,201.9000600036185
1486,7075.659832413831,204.8095022292556
1487,7076.973994713783,210.87630018102482
1488,7078.115816308693,216.58204991672585
1489,7078.854936112065,211.63121020931078
1490,7079.919232188571,212.14041849229244
1491,7080.984881171588,212.1951124630609
1492,7082.29939943589,216.9955400288374
1493,7083.114882479948,221.8011188441346
1494,7084.179713566346,220.39638819538467
1495,7085.246133068284,220.23690192575026
1496,7086.309910848892,227.18735673292034
1497,7087.376073971008,232.80640188071243
1498,7088.69133093034,226.6487299599351
1499,7089.507209672658,216.9101701229473
1500,7090.822289098201,214.30071126829299
1501,7091.6380642536105,214.40874879727903
1502,7092.703552954852,214.23164269555588
1503,7094.019095031332,212.61629126011724
1504,7094.835326721813,214.6115926939823
1505,7096.150546774403,222.05375717422248
1506,7096.966684072711,223.44948637275826
1507,7098.032652229381,219.4875934000806
1508,7099.098238638215,209.0351397162564
1509,7100.164321351597,206.37609469529534
1510,7101.230155725813,203.27447227343
1511,7102.296205930703,204.54637806085623
1512,7103.36256721769,211.0295682990905
1513,7104.678401919382,219.65508946611192
1514,7105.495577275191,217.3795766711258
1515,7106.561160342432,216.88018595444566
1516,7107.627200387234,214.08319570356363
1517,7108.694211964831,202.50949791439984
1518,7109.759961908177,194.32063603012972
1519,7110.8266684108285,192.55876362499012
1520,7112.142931618225,193.51085568255615
1521,7112.959858131968,197.70341102494447
1522,7114.026081536794,200.68529612829647
1523,7115.092948458776,209.29609159005932
1524,7116.409429904212,203.23636059736077
1525,7117.22666898,202.18304201159822
1526,7118.292761193781,198.3608954175029
1527,7119.3600191072555,195.72921478002
1528,7120.426210642733,200.63088290524215
1529,7121.493630609395,207.484066343152
1530,7122.560263181879,205.06916646704232
1531,7123.627266364854,210.40758051445061
1532,7124.944906693849,219.2898596367585
1533,7125.761859023293,218.76798864101525
1534,7126.828692855089,218.01301388931697
1535,7127.895951255607,220.55340685053991
1536,7128.963134558704,220.18023079938254
1537,7130.280861721812,217.02279169230917
1538,7131.097984670787,215.78427234617843
1539,7132.165318939809,213.98670013172688
1540,7133.232588486854,209.91288665988702
1541,7134.29985534121,207.12355532879508
1542,7135.617778334853,208.45198382909365
1543,7136.435159623163,210.4597733471191
1544,7137.502841007783,213.602877378274
1545,7138.570126985502,207.9696430017281
1546,7139.63800877349,211.30567107659132
1547,7140.7052557042625,223.06345807646377
1548,7142.023688542946,221.21341859690875
1549,7143.168816814383,218.26058699061014
1550,7143.909786691556,213.95388468071428
1551,7144.976693251079,223.7376142217149
1552,7146.29565682387,226.75528579455673
1553,7147.112855405386,226.2237100631874
1554,7148.180904005313,223.3091418889903
1555,7149.249130606449,226.28311635055144
1556,7150.31700820914,224.46557578646275
1557,7151.635495323206,224.51718493823194
1558,7152.781058596672,219.91035232330682
1559,7153.52267938173,213.5747329525303
1560,7154.589794386046,210.45673219731538
1561,7155.908835028144,221.4230218016348
1562,7156.727006962045,226.78551586590768
1563,7157.794916652738,227.09089613665546
1564,7158.863711836129,228.17265204167896
1565,7159.932352738121,228.00047388941857
1566,7161.000430069618,238.19290100993547
1567,7162.0694441985015,243.43903855549254
1568,7163.137429259048,233.24171188803635
1569,7164.206352159868,225.78579094351838
1570,7165.274971040281,225.08441763418148
1571,7166.344141122625,231.37302499306406
1572,7167.412736025646,229.68327882808038
1573,7168.481714864699,221.41156039409617
1574,7169.550767827009,211.42406060167644
1575,7170.61942028924,206.77229298831423
1576,7171.687959543137,211.93565673541568
1577,7172.757584785018,218.09968467467604
1578,7173.825942318599,222.928892661402
1579,7175.1458765488505,218.26198355516073
1580,7175.96517307448,208.84609064881678
1581,7177.033958799816,201.50418743042619
1582,7178.102544904245,200.22126529485104
1583,7179.172175242278,210.27401283609962
1584,7180.241502871195,215.82441265643826
1585,7181.310534776697,213.4088435762111
1586,7182.630791299791,205.2196931571099
1587,7183.4501067047195,198.60494220681525
1588,7184.518865607216,200.9621891521411
1589,7185.58787071813,203.04172075519185
1590,7186.658231694574,203.40050060493252
1591,7187.727265070727,196.13633928895524
1592,7189.047347124068,197.56041732449148
1593,7189.866386862682,206.23640217345746
1594,7190.936396140803,206.63508324576145
1595,7192.25679810766,206.60190478078755
1596,7193.076152490352,209.62830483682393
1597,7194.14494063436,218.96221980648343
1598,7195.215934291315,214.5338900826072
1599,7196.284814757238,203.50251228613934
1600,7197.355127763238,201.11472815287902
1601,7198.4244518975565,210.18853252642987
1602,7199.494565379313,223.22081550460487
1603,7200.565413142652,234.2503321136462
1604,7201.634176358263,230.96479350325853
1605,7202.704590165327,224.22976609839884
1606,7203.774872852633,222.48399324713094
1607,7205.096206475456,219.61071213975814
1608,7205.916338534222,216.55473658106158
1609,7207.235844828602,221.52684187374726
1610,7208.055935479287,227.0054813785572
1611,7209.126079926765,243.02913313490032
1612,7210.447230727671,238.2208303854043
1613,7211.266765309678,226.93298263033913
1614,7212.336895986755,221.3647888209951
1615,7213.407158829321,228.72829793984124
1616,7214.478179713384,238.79088363216843
1617,7215.548552870143,251.84254627501087
1618,7216.869418452849,254.77136165520247
1619,7217.689710446804,260.5767123505764
1620,7218.760320211857,260.3783685960777
1621,7219.830426264453,252.84103052678697
1622,7221.152415220443,250.48874882596695
1623,7221.9725259157085,255.2592734322175
1624,7223.042735548876,255.36958389548082
1625,7224.11387352138,247.18390309406658
1626,7225.184023511223,241.0580638137197
1627,7226.50603088859,238.54143914864122
1628,7227.326384687006,227.67903064024273
1629,7228.396678183986,221.56894087178304
1630,7229.467345398114,222.73627714535147
1631,7230.538970751566,233.11538280198687
1632,7231.609651969485,237.7185052583952
1633,7232.680688882044,234.66027943842175
1634,7234.00263580586,230.6997336822226
1635,7234.823737635248,226.06866462805354
1636,7235.893755460073,222.57434903946202
1637,7236.964903549749,229.36445360875518
1638,7238.036509320316,238.99303679075547
1639,7239.1066075742365,247.58316110948383
1640,7240.178624036298,252.26271472496853
1641,7241.250167556166,234.2086625654694
1642,7242.321420975993,225.55171667141147
1643,7243.392690398069,229.09061090770882
1644,7244.7146760743635,230.72724820485593
1645,7245.53557418642,237.53189416104198
1646,7246.606675016302,239.46591130356438
1647,7247.678240850755,235.1175182183817
1648,7248.749642345294,232.4005619011821
1649,7249.820819387428,227.28085860385391
1650,7250.893010010429,227.31810901060337
1651,7251.964361754891,221.94250073522997
1652,7253.0353190999995,217.78074807748015
1653,7254.10738455443,215.4640841851057
1654,7255.179118709166,227.7566510074655
1655,7256.250581377266,243.62519227874643
1656,7257.32218328737,249.68745977905326
1657,7258.644869594934,252.2947630375368
1658,7259.466187604554,252.32014396008444
1659,7260.537734237351,249.29996593569948
1660,7261.60923592391,241.90623086843271
1661,7262.68108919671,241.59832794858212
1662,7264.004228307155,239.18474421176873
1663,7264.82525547943,234.46933600950337
1664,7265.897234650002,226.85485949883412
1665,7266.968221777222,225.3448619526769
1666,7268.040690192651,235.403610706495
1667,7269.112724202377,240.1053154611382
1668,7270.184946377709,233.36534656116334
1669,7271.256290376454,225.37636537399274
1670,7272.579902982225,215.1787013952803
1671,7273.401387548622,210.63378930166613
1672,7274.4726114546675,211.2491672228935
1673,7275.79576867296,213.1746209894452
1674,7276.617296113028,210.72308875881913
1675,7277.688740467756,201.4499722846847
1676,7278.762334527334,196.56079403903198
1677,7279.833958548572,207.0946382455607
1678,7280.906345560795,212.35410272454965
1679,7281.978076348851,211.51076875728367
1680,7283.051014784569,221.1058553692407
1681,7284.373500865113,234.70207506696738
1682,7285.195631019347,240.35943589045522
1683,7286.267751189113,244.07706825629833
1684,7287.591484849258,240.56394276360584
1685,7288.412788322306,240.48910509833595
1686,7289.484702914394,235.54652775445683
1687,7290.55729086464,234.56199864923207
1688,7291.629497294618,232.35886452479428
1689,7292.702479647067,240.97031617229746
1690,7293.774599592257,250.01451701729673
1691,7294.847620014293,243.01731610218812
1692,7295.919998121295,237.97215446660547
1693,7296.992428185408,238.49011735708254
1694,7298.065042845525,240.641397484822
1695,7299.137727165547,241.28878445886468
1696,7300.209863982723,238.79861593952626
1697,7301.534315171663,232.43420566600028
1698,7302.355623539289,232.60743960758967
1699,7303.428228003353,234.10605874202957
1700,7304.500590081141,236.3942429937839
1701,7305.573912768407,238.29637427842823
1702,7306.646252206766,231.10505988131658
1703,7307.719401593802,227.22918846805922
1704,7308.792127049787,226.792694386354
1705,7309.864630637569,225.8921640594698
1706,7311.188563645084,228.3669381914059
1707,7312.010703590497,227.0415981278742
1708,7313.083665980295,224.33136472609115
1709,7314.156084338887,225.13019824983684
1710,7315.2288225548255,226.07757976356163
1711,7316.301730947767,229.3119206109487
1712,7317.374426154608,234.43829522250186
1713,7318.44775687742,240.9770386593693
1714,7319.520905221751,241.82223065921843
1715,7320.593551445585,249.40327923928317
1716,7321.666472346908,251.80278967996165
1717,7322.740313301929,251.8735307681273
1718,7323.812559477561,252.00767190270648
1719,7325.136632948932,263.0768856540424
1720,7325.9593071754025,268.18935317075557
1721,7327.031918660455,270.3193721906712
1722,7328.1050123522955,265.0271705119063
1723,7329.177228404624,257.8046962481701
1724,7330.250597833449,260.7489670003037
1725,7331.324260361178,257.52567460202494
1726,7332.396948378924,250.71374265466073
1727,7333.470365344203,249.34287442087765
1728,7334.543147775584,255.0005738684759
1729,7335.6166182598845,263.5256831540079
1730,7336.689801800242,265.4903069633188
1731,7337.762753971393,265.6112899578426
1732,7338.836095615471,261.94929237931257
1733,7339.909123917133,256.96875476900914
1734,7340.981864611045,257.0986592155099
1735,7342.055572872456,257.3940095464055
1736,7343.380566790794,257.85804816300003
1737,7344.202833829625,249.31255839632482
1738,7345.275513401354,242.60647063900362
1739,7346.347999072659,244.40803342951216
1740,7347.4219820679255,249.7272108201949
1741,7348.494954765732,257.95259842888703
1742,7349.568567699938,259.06832786771446
1743,7350.64184101652,259.9103081332624
1744,7351.714499107593,259.53818353626156
1745,7352.788619977653,256.68851476293884
1746,7353.8612755294125,264.3374925649218
1747,7354.934938774422,268.8354416397165
1748,7356.007640869199,276.9578400989989
1749,7357.081909357624,277.37271376987235
1750,7358.154621300476,273.9006864197538
1751,7359.2285503371395,268.8581692320265
1752,7360.30160831172,268.2356244816375
1753,7361.374458359381,273.798341503997
1754,7362.44811776176,280.49234830951815
1755,7363.52174256205,276.3572467390079
1756,7364.595085538374,273.21816297820357
1757,7365.668300737632,267.2926275414727
1758,7366.742160139237,268.7315221273564
1759,7367.815193000617,267.79175962354014
1760,7368.88797290899,271.52256408264157
1761,7369.96182451294,272.4347286302855
1762,7371.035166218274,269.0570116781532
1763,7372.109282015296,253.89658175161742
1764,7373.182448007839,248.7749222128576
1765,7374.255260178865,246.63785821518854
1766,7375.3289213441,245.4368097373544
1767,7376.4022567369375,237.5466358783419
1768,7377.476119826234,240.3977927095009
1769,7378.549205067511,255.08115687249008
1770,7379.874390078884,251.52384528958885
1771,7380.696304175628,248.82411991617013
1772,7381.769525840835,248.50607173130436
1773,7382.842466265015,260.4152825749939
1774,7384.168075698406,271.562127792426
1775,7384.990681424386,271.3705313645947
1776,7386.0633679514885,275.6849792408407
1777,7387.1360089330365,280.2242065618528
1778,7388.210135983865,280.67842743971084
1779,7389.283391416062,273.862827155467
1780,7390.357114763432,271.153512428445
1781,7391.430433268631,280.6486625517835
1782,7392.50361147616,277.33641159679996
1783,7393.576959542853,273.92241185865254
1784,7394.6504967614765,278.9128424137117
1785,7395.724408961714,277.3702772947451
1786,7396.797290111225,264.00623807683144
1787,7397.870684504352,247.160462929337
1788,7398.943827839791,241.56080098674173
1789,7400.018050450869,241.82384826038137
1790,7401.090575329944,246.687698678506
1791,7402.164189924586,251.49006351395252
1792,7403.237548929819,253.29677125470363
1793,7404.311130019743,252.60172663326517
1794,7405.384370766628,248.47600963735013
1795,7406.458060392348,244.87407016396241
1796,7407.782840928289,251.80766295377396
1797,7408.604808840971,255.03442239645588
1798,7409.6778386536835,262.5282747505142
1799,7410.750958313707,261.96338568845886
1800,7411.824489618009,265.2986415088972
1801,7412.897947087955,267.03281370809816
1802,7413.971053356558,267.14355402008937
1803,7415.044321571041,265.6879212672443
1804,7416.1177451255735,272.02772182603593
1805,7417.190691824031,284.1987264921039
1806,7418.264308911497,291.3023432874823
1807,7419.3379873818985,282.23242225332683
1808,7420.410761236638,273.31440175177636
1809,7421.7353871063915,272.95551729990353
1810,7422.557637784691,273.18537578461684
1811,7423.63062896652,272.0671474424426
1812,7424.704055025651,273.0910078377766
1813,7425.777046257814,266.42247734623595
1814,7426.849674796804,271.3896090668723
1815,7427.923361869724,270.054740615807
1816,7428.996732159207,270.9777725459547
1817,7430.069709136292,268.1393370270166
1818,7431.394220699757,257.5858392855673
1819,7432.2164715203035,251.40806528369498
1820,7433.540663330831,254.1577972051122
1821,7434.362834058568,258.3015580338207
1822,7435.435281658656,261.0754721323867
1823,7436.509131283002,261.79849767205883
1824,7437.832444829467,271.787142494461
1825,7438.654758334917,273.41856509552383
1826,7439.7276084345185,272.4019923800484
1827,7440.801032394242,263.8069948551932
1828,7441.873658627372,263.640647607173
1829,7442.946554804013,263.348245040861
1830,7444.019695615496,266.5730701594883
1831,7445.0925285913945,272.109750059979
1832,7446.166123191583,267.9874363976177
1833,7447.238680714668,269.6041398047657
1834,7448.311213260829,264.0182843879975
1835,7449.384321120595,264.91970172734506
1836,7450.457090011611,264.5658877536132
1837,7451.530069318128,261.5878102157885
1838,7452.602763252553,259.7060216880458
1839,7453.675446048725,266.04871120387344
1840,7454.748571463889,273.0117736648623
1841,7455.82108560726,273.4443822489952
1842,7456.894293848276,275.60058561980526
1843,7457.966139026955,278.7796425200288
1844,7459.039856883921,280.25474267036077
1845,7460.363406231121,281.6568507328846
1846,7461.185222523691,279.19569126142665
1847,7462.257226288117,272.16025060271994
1848,7463.330129226178,270.9173612767799
1849,7464.402682841576,277.3959013376549
1850,7465.4749816624535,276.8051662009621
1851,7466.547763060405,274.9658166158336
1852,7467.6203916101895,266.7997875335925
1853,7468.69276722203,270.48538195221994
1854,7469.765686114918,265.37301879187635
1855,7470.837780390701,264.9106440705678
1856,7471.910587299209,255.1962818333689
1857,7472.982195332757,257.66469021858484
1858,7474.054731541456,266.77262246181215
1859,7475.127634765311,274.7067495561731
1860,7476.19984189976,268.6561727663869
1861,7477.2722228852135,265.19097953885165
1862,7478.344073631838,265.10487209305796
1863,7479.416319475245,271.4530471339929
1864,7480.489020942727,267.2705472603299
1865,7481.5609799593785,267.32126385137065
1866,7482.633286185196,260.4270777743359
1867,7483.705192777538,260.47048577204515
1868,7484.777571429463,269.04891413603167
1869,7485.84908606626,274.7411145803742
1870,7486.921727510005,281.0762385379263
1871,7487.993367039993,287.4413730480964
1872,7489.065579138157,291.5989489564413
1873,7490.137599763894,289.5295319648015
1874,7491.2092077082,291.5542720810726
1875,7492.281456523188,294.4682369652272
1876,7493.353374184936,288.3880975885762
1877,7494.424992752239,289.65515046267296
1878,7495.747682741194,285.4376301402056
1879,7496.568788825226,280.0265141683546
1880,7497.640568503201,263.35107188263623
1881,7498.711555140863,262.97992785839403
1882,7499.783888558646,268.2974630403
1883,7500.855465539305,271.64109025546173
1884,7502.177675420618,273.9975165097207
1885,7503.325618066202,283.13589343639165
1886,7504.0705976129975,281.9690887929268
1887,7505.141460555281,289.9160687975894
1888,7506.212998789348,293.06514887966495
1889,7507.284286628403,289.57427969681765
1890,7508.356122417086,288.6643680015643
1891,7509.426743495769,281.04223654777707
1892,7510.498455485657,278.8392762934593
1893,7511.5696337829895,274.85355507860754
1894,7512.641063948811,270.18980940369386
1895,7513.962589847051,275.4527531414957
1896,7514.7838749061,278.56238384142387
1897,7515.854547408264,288.15740448737546
1898,7516.924593590151,292.82822249486304
1899,7517.996622947517,295.03752565296634
1900,7519.067474940614,288.5109470779458
1901,7520.138708436862,282.20688563196234
1902,7521.208733948125,277.32041660295295
1903,7522.530422484893,282.0211970917596
1904,7523.35157137642,289.5658959886112
1905,7524.421344240745,303.5121361956614
1906,7525.492344202887,300.544338344483
1907,7526.56333174322,303.0530746808688
1908,7527.633609764893,306.0285315474249
1909,7528.704517846983,300.6659825996137
1910,7529.774894257757,293.0385420367378
1911,7531.095723298255,300.88968007282926
1912,7531.916259567287,298.9723182827858
1913,7532.986064763554,300.53133272785556
1914,7534.307320364024,306.0142754291567
1915,7535.127354848557,305.66473992138697
1916,7536.19649148929,300.8245907407195
1917,7537.517936093758,297.9659664980216
1918,7538.338072228349,303.8967458703303
1919,7539.407613111118,313.1069722854455
1920,7540.47818413312,318.61319254130194
1921,7541.547686160504,315.35119230124576
1922,7542.618057469734,302.6034414575903
1923,7543.687780322665,296.33783842734687
1924,7545.007655076102,295.52954017823083
1925,7545.828407265927,298.60256882360613
1926,7546.897587881692,304.07604104685845
1927,7547.9667812742955,303.8804742506475
1928,7549.2870795270355,304.5134943596672
1929,7550.106864079874,308.3260201840443
1930,7551.175761680762,301.97947715292173
1931,7552.245138079923,296.7885652810094
1932,7553.315027843034,291.05633970306883
1933,7554.384062639334,290.35307973779084
1934,7555.453506981735,294.68481884290946
1935,7556.5229380508645,289.70833108584037
1936,7557.591794684057,291.6237566508066
1937,7558.9114612387075,298.5349126339453
1938,7559.731431182406,301.3012991186772
1939,7560.7993850154735,299.52855222225253
1940,7561.868478678275,299.7536440073546
1941,7562.937321482012,297.14957593124825
1942,7564.006698011883,298.176343935716
1943,7565.075206990099,298.01362354071097
1944,7566.393717198504,297.05954475239196
1945,7567.2132282310895,299.35118273812657
1946,7568.280963215018,303.3878490703286
1947,7569.350170348341,297.41470379637894
1948,7570.419064305149,291.48383737798065
1949,7571.487019801511,275.84617053762474
1950,7572.555418570345,272.54428900187827
1951,7573.623602796623,265.26089855655965
1952,7574.692538183504,265.4723065500165
1953,7575.760399939976,275.1836815334849
1954,7576.828733346986,286.58161984476675
1955,7577.896349299194,296.1903993513894
1956,7578.96491258794,301.22953973334523
1957,7580.032882952824,302.6086579468454
1958,7581.100565061048,307.6886488059659
1959,7582.168609307502,306.12451981275444
1960,7583.485666384903,301.5749884551163
1961,7584.304295070961,303.08144010445653
1962,7585.3717964804955,307.5505699067848
1963,7586.438603263637,312.8813931261401
1964,7587.507055756853,314.9992285096322
1965,7588.574271700446,318.2108229397729
1966,7589.64158884196,319.0576271353493
1967,7590.7090534793215,308.5340451425253
1968,7592.024719688286,296.47975368701196
1969,7592.843999801053,290.49436433897057
1970,7593.910629451376,285.3617886712113
1971,7594.978166938142,251.14920795832893
1972,7596.045076179549,193.3269325424019
1973,7597.111417167292,154.02628123309754
1974,7598.178000325585,137.82581569056094
1975,7599.244821692278,127.9966301747491
1976,7600.312119796173,111.98944314281889
1977,7601.378283259705,96.30883847096906
1978,7602.443729364187,81.31698971799332
1979,7603.511342530069,73.92105052485722
1980,7604.577709725267,66.83613033241649
1981,7605.892090715185,62.85707653038607
1982,7606.710075353048,63.89242026545322
1983,7608.023842288584,67.20751502759003
1984,7608.842418042999,71.64100491997043
1985,7609.9079699098,77.94811185889907
1986,7610.973545281477,85.35530237954384
1987,7612.287814648668,100.24405284208852
1988,7613.105620474642,111.92874628779042
1989,7614.418429524813,131.3548616997114
1990,7615.23733811106,147.36360544311754
1991,7616.302791343125,161.5964531929462
1992,7617.366798217707,188.2459605871493
1993,7618.432131196696,239.9827784993327
1994,7619.498815847522,271.74414351676387
1995,7620.563924962975,261.1367530600573
1996,7621.629106946617,235.66128167764163
1997,7622.694124468954,214.46161033137497
1998,7623.759120739971,196.5758768524827
1999,7624.824044117574,164.9755894523459
2000,7625.888243164499,160.45619978659238
2001,7626.9530264073355,169.59457411288818
2002,7628.265802028785,145.20185216761175
2003,7629.081971176799,135.64780862835568
2004,7630.145543513005,158.7276082430369
2005,7631.211562144412,167.17556131651452
2006,7632.275966726723,137.4518701433645
2007,7633.338662975747,140.5471200808009
2008,7634.402709878811,176.0796551602663
2009,7635.4683731975765,176.86351624243656
2010,7636.532574828311,142.5991932556393
2011,7637.594293889359,152.0118735705974
2012,7638.65828134884,194.20753201392088
2013,7639.970904984231,185.2535198733226
2014,7641.108908797683,150.24710700157564
2015,7641.84928242111,151.20883991983513
2016,7642.911516505299,187.03121166027924
2017,7643.977026438279,194.09575586130856
2018,7645.040453242186,165.2583089953144
2019,7646.102769878113,144.3420272414957
2020,7647.412104926059,172.47304400722084
2021,7648.228963721873,186.6495621716987
2022,7649.290624373001,176.2141088711415
