MJD,mag,magunc,filter
47800.2618,20.5000,0.4000,POSS2-R
49253.2833,19.8000,0.5000,POSS2-I
52994.0000,22.3186,0.1086,CFHT-g'
52994.0000,22.3065,0.1086,CFHT-g'
52994.0000,22.2789,0.1086,CFHT-g'
52994.0000,22.2280,0.1086,CFHT-g'
52994.0000,22.1646,0.1086,CFHT-g'
52994.0000,22.3550,0.1086,CFHT-g'
53297.0000,19.5477,0.1086,CFHT-i'
53297.0000,19.5761,0.1086,CFHT-i'
53297.0000,19.5871,0.1086,CFHT-i'
53297.0000,19.5847,0.1086,CFHT-i'
53297.0000,19.5871,0.1086,CFHT-i'
53297.0000,19.7524,0.1086,CFHT-i'
53297.0000,19.8369,0.1086,CFHT-i'
53297.0000,19.7488,0.1086,CFHT-i'
53321.0000,21.0830,0.1086,CFHT-r'
53321.0000,21.0523,0.1086,CFHT-r'
53321.0000,21.0511,0.1086,CFHT-r'
53321.0000,21.0393,0.1086,CFHT-r'
53321.0000,21.0695,0.1086,CFHT-r'
53329.0000,19.8801,0.1086,CFHT-i'
53330.0000,19.9174,0.1086,CFHT-i'
53330.0000,19.8001,0.1086,CFHT-i'
53330.0000,19.2046,0.1086,CFHT-z'
53330.0000,19.1244,0.1086,CFHT-z'
53330.0000,19.2487,0.1086,CFHT-z'
54713.0000,19.8001,0.1086,CFHT-i'
54713.0000,22.2962,0.1086,CFHT-g'
54739.0000,22.3080,0.1086,CFHT-g'
54740.0000,19.6880,0.1086,CFHT-i'
54740.0000,19.6519,0.1086,CFHT-i'
54740.0000,19.6618,0.1086,CFHT-i'
54740.0000,19.6643,0.1086,CFHT-i'
54740.0000,22.1772,0.1086,CFHT-g'
54740.0000,22.1243,0.1086,CFHT-g'
54740.0000,22.1263,0.1086,CFHT-g'
54740.0000,19.6757,0.1086,CFHT-i'
54740.0000,22.1221,0.1086,CFHT-g'
54740.0000,22.1510,0.1086,CFHT-g'
55062.0000,22.1396,0.1086,CFHT-g'
55062.0000,22.1580,0.1086,CFHT-g'
55062.0000,19.5351,0.1086,CFHT-i'
55062.0000,19.5647,0.1086,CFHT-i'
55062.0000,22.1121,0.1086,CFHT-g'
55062.0000,19.5489,0.1086,CFHT-i'
55072.9131,20.5012,0.0272,PTF-r
55101.2958,20.5144,0.0475,PTF-r
55136.0851,20.4463,0.0398,PTF-r
55174.3169,20.5316,0.0552,PS1-r
55174.3181,20.5917,0.0552,PS1-r
55175.1340,20.4311,0.0848,PTF-r
55200.2573,20.6613,0.0566,PTF-r
55378.5933,18.6692,0.0598,PS1-y
55378.6044,18.8596,0.0724,PS1-y
55384.7023,20.5968,0.0497,PTF-r
55401.5409,18.9465,0.0688,PS1-z
55401.5525,18.9881,0.0753,PS1-z
55421.2976,20.4610,0.1130,PTF-r
55442.7179,20.5924,0.0069,PTF-r
55448.5563,21.5987,0.1440,PS1-g
55448.5837,20.4390,0.0604,PS1-r
55448.5957,20.5928,0.0762,PS1-r
55457.5435,19.4679,0.0352,PS1-i
55457.5745,19.6479,0.0762,PS1-i
55469.4392,20.4908,0.0293,PTF-r
55476.0000,22.2225,0.1086,CFHT-g'
55476.0000,22.2619,0.1086,CFHT-g'
55476.0000,22.2089,0.1086,CFHT-g'
55476.0000,22.2741,0.1086,CFHT-g'
55477.0000,22.3897,0.1086,CFHT-g'
55477.0000,22.4949,0.1086,CFHT-g'
55477.0000,22.4262,0.1086,CFHT-g'
55477.0000,22.3702,0.1086,CFHT-g'
55477.0000,22.4481,0.1086,CFHT-g'
55477.2884,21.8440,0.1514,PS1-g
55477.3011,21.8792,0.1431,PS1-g
55478.0000,20.9136,0.1086,CFHT-r'
55478.0000,20.8751,0.1086,CFHT-r'
55478.0000,22.3984,0.1086,CFHT-g'
55478.0000,22.4835,0.1086,CFHT-g'
55478.0000,20.8541,0.1086,CFHT-r'
55478.0000,20.9368,0.1086,CFHT-r'
55478.0000,20.9104,0.1086,CFHT-r'
55478.0000,20.9037,0.1086,CFHT-r'
55479.0000,21.0270,0.1086,CFHT-r'
55479.0000,20.9472,0.1086,CFHT-r'
55479.0000,20.8816,0.1086,CFHT-r'
55479.0000,20.7859,0.1086,CFHT-r'
55479.0000,20.8546,0.1086,CFHT-r'
55485.2902,20.4428,0.0655,PS1-r
55485.3021,20.6185,0.1141,PS1-r
55486.2745,19.4965,0.0468,PS1-i
55486.2862,19.4766,0.1123,PS1-i
55494.3660,20.5721,0.0274,PTF-r
55501.0000,22.4429,0.1086,CFHT-g'
55501.0000,20.8190,0.1086,CFHT-r'
55540.1400,20.4915,0.0911,PTF-r
55551.0317,20.4714,0.0806,PTF-r
55562.2947,18.5989,0.0600,PS1-y
55562.3054,18.5327,0.0679,PS1-y
55563.3007,18.8909,0.0507,PS1-z
55583.9012,20.5926,0.0806,PTF-r
55697.8376,20.1470,0.1039,PTF-r
55726.6289,20.7794,0.0674,PTF-r
55758.5301,18.6645,0.0728,PS1-y
55758.5419,18.6828,0.0703,PS1-y
55760.5733,18.9012,0.0329,PS1-z
55760.5849,18.9862,0.0340,PS1-z
55775.5844,20.5555,0.0523,PTF-r
55787.7688,20.6308,0.0585,PTF-r
55821.8579,20.3806,0.1013,PTF-r
55857.3629,21.7751,0.1467,PS1-g
55858.2652,20.6068,0.0621,PS1-r
55858.2768,20.4850,0.0598,PS1-r
55858.2906,21.7282,0.1421,PS1-g
55858.3031,21.5602,0.1253,PS1-g
55890.7437,20.5098,0.0719,PTF-r
55946.0072,20.3427,0.0644,PTF-r
55962.1272,20.3050,0.1460,PTF-r
55962.2246,18.9797,0.0408,PS1-z
55962.2365,18.7939,0.0353,PS1-z
56100.5233,20.5848,0.0447,PTF-r
56131.9684,20.6231,0.0452,PTF-r
56148.6325,18.4739,0.0552,PS1-y
56148.6365,18.5258,0.0634,PS1-y
56170.4777,18.8101,0.0370,PS1-z
56170.4903,18.8762,0.0422,PS1-z
56191.0000,19.6734,0.1086,CFHT-i'
56191.0000,19.6907,0.1086,CFHT-i'
56191.0000,19.6822,0.1086,CFHT-i'
56191.0000,19.6617,0.1086,CFHT-i'
56191.0000,19.6383,0.1086,CFHT-i'
56205.3434,20.6186,0.0628,PS1-r
56205.3555,20.5979,0.0604,PS1-r
56224.3144,19.4371,0.0299,PS1-i
56224.3268,19.4056,0.0275,PS1-i
56224.9268,20.7297,0.0774,PTF-r
56226.3167,20.5289,0.1023,PS1-r
56226.3277,20.6569,0.1213,PS1-r
56247.8544,20.5901,0.0262,PTF-r
56269.7599,20.5206,0.0070,PTF-r
56297.3029,20.5773,0.0168,PTF-r
56323.8191,20.6634,0.0186,PTF-r
56461.4950,20.7775,0.0668,PTF-r
56477.5980,18.8574,0.0223,PS1-z
56484.5847,18.8320,0.0381,PS1-z
56486.6246,18.5621,0.0332,PS1-y
56526.5286,18.5263,0.0506,PS1-y
56538.1677,20.3425,0.0646,PTF-r
56576.3717,20.4350,0.0879,PTF-r
56581.4334,20.4723,0.1430,PS1-r
56589.4502,19.4412,0.0240,PS1-i
56589.4623,19.4624,0.0242,PS1-i
56599.2246,20.7191,0.1090,PS1-r
56600.3316,20.7661,0.1052,PTF-r
56623.3474,19.0569,0.0202,PS1-z
56625.8581,20.6909,0.0834,PTF-r
56643.1940,18.4857,0.0536,PS1-y
56665.3323,20.6529,0.0495,PTF-r
56672.5740,17.8871,0.0363,NEOWISE-W1
56672.6237,18.2528,0.0981,NEOWISE-W2
56822.4422,20.6773,0.0907,PTF-r
56861.5766,17.9404,0.0370,NEOWISE-W1
56861.7041,18.1585,0.0892,NEOWISE-W2
56867.6334,18.5626,0.0581,PS1-y
56907.4350,19.5051,0.0439,PS1-i
56907.4463,19.4017,0.0364,PS1-i
56907.4577,19.4889,0.0388,PS1-i
56907.4691,19.4473,0.0369,PS1-i
56976.6936,20.7438,0.0679,PTF-r
57035.6769,18.0555,0.1177,NEOWISE-W2
57035.7916,17.7762,0.0408,NEOWISE-W1
57040.8373,20.5281,0.1306,PTF-r
57223.4057,17.8445,0.0327,NEOWISE-W1
57223.4816,18.1419,0.0980,NEOWISE-W2
57396.0628,18.2638,0.1000,NEOWISE-W2
57396.0923,17.7732,0.0331,NEOWISE-W1
57587.9035,17.7364,0.0335,NEOWISE-W1
57588.3188,18.1834,0.1056,NEOWISE-W2
57755.5112,18.1266,0.0983,NEOWISE-W2
57755.6161,17.7699,0.0351,NEOWISE-W1
57954.6790,17.7487,0.0299,NEOWISE-W1
57954.7723,18.0413,0.0876,NEOWISE-W2
58118.6189,17.7265,0.0337,NEOWISE-W1
58118.6209,17.9591,0.1166,NEOWISE-W2
58271.4422,20.0621,0.1706,ZTF-r
58277.4255,20.0936,0.1744,ZTF-r
58280.4726,20.1709,0.1838,ZTF-r
58283.4670,20.0204,0.1658,ZTF-r
58286.4687,20.2022,0.1876,ZTF-r
58289.4693,20.0418,0.1682,ZTF-r
58291.4671,20.0318,0.1671,ZTF-r
58292.4741,20.0264,0.1665,ZTF-r
58293.4697,20.0781,0.1725,ZTF-r
58297.4251,20.1020,0.1754,ZTF-r
58299.4107,20.2179,0.1087,ZTF-r
58302.4106,19.7403,0.1353,ZTF-r
58303.4745,20.0422,0.1190,ZTF-r
58305.4301,20.0720,0.1718,ZTF-r
58307.4316,19.2276,0.1475,ZTF-i
58311.3595,21.6463,0.2968,ZTF-g
58312.4142,20.1615,0.1054,ZTF-r
58312.4735,21.3376,0.2662,ZTF-g
58316.3491,20.2426,0.1927,ZTF-r
58316.4114,21.5381,0.2861,ZTF-g
58318.3605,20.0791,0.1727,ZTF-r
58318.4195,21.8595,0.2248,ZTF-g
58318.6816,17.6461,0.0299,NEOWISE-W1
58318.7081,18.0774,0.1141,NEOWISE-W2
58319.3524,20.1831,0.1853,ZTF-r
58319.4230,21.8412,0.3161,ZTF-g
58320.3800,20.1383,0.1269,ZTF-r
58321.4367,21.4295,0.2753,ZTF-g
58321.4539,21.9002,0.3219,ZTF-g
58322.3785,20.0892,0.1739,ZTF-r
58323.4174,21.5212,0.2844,ZTF-g
58325.2839,19.8606,0.1479,ZTF-r
58325.3877,19.1258,0.1412,ZTF-i
58325.4832,20.2171,0.1335,ZTF-r
58327.4203,20.1415,0.1100,ZTF-r
58328.4166,19.9759,0.1135,ZTF-r
58329.3548,20.2732,0.1965,ZTF-r
58329.3902,18.9875,0.1322,ZTF-i
58330.2237,20.1062,0.0785,ZTF-r
58331.4159,20.1739,0.1300,ZTF-r
58334.2241,20.1040,0.0835,ZTF-r
58335.4136,20.0467,0.0916,ZTF-r
58336.3876,20.0295,0.0796,ZTF-r
58344.8953,20.1123,0.0960,ZTF-r
58349.2574,21.5462,0.1325,ZTF-g
58351.9150,20.0344,0.1183,ZTF-r
58352.4109,21.5663,0.1668,ZTF-g
58353.3888,19.9991,0.0847,ZTF-r
58354.1943,20.0443,0.0704,ZTF-r
58354.9735,20.0967,0.0806,ZTF-r
58355.9624,20.0813,0.0586,ZTF-r
58357.0388,19.9635,0.0661,ZTF-r
58358.0833,19.8994,0.0875,ZTF-r
58359.1939,20.0619,0.0715,ZTF-r
58360.3242,20.1272,0.1028,ZTF-r
58361.3310,20.1920,0.0931,ZTF-r
58362.3536,20.0655,0.1314,ZTF-r
58363.3572,20.1344,0.1268,ZTF-r
58364.1936,20.1581,0.0762,ZTF-r
58364.3110,21.6683,0.2117,ZTF-g
58365.3741,20.0677,0.0888,ZTF-r
58366.3511,20.1734,0.1841,ZTF-r
58367.3805,20.1763,0.1304,ZTF-r
58368.3283,20.0915,0.0907,ZTF-r
58368.4202,21.4981,0.2821,ZTF-g
58369.4158,20.1027,0.1755,ZTF-r
58370.3058,20.2310,0.1912,ZTF-r
58370.3665,21.6990,0.2136,ZTF-g
58371.3623,20.1534,0.1109,ZTF-r
58372.3552,20.1331,0.0826,ZTF-r
58372.4628,21.5932,0.2915,ZTF-g
58373.3209,20.1305,0.1032,ZTF-r
58374.1119,20.2170,0.0945,ZTF-r
58374.3069,19.3126,0.1524,ZTF-i
58375.3103,21.8150,0.3135,ZTF-g
58375.3547,20.1470,0.1809,ZTF-r
58377.3542,21.6257,0.2947,ZTF-g
58377.3715,20.1607,0.1287,ZTF-r
58378.3503,21.9941,0.3312,ZTF-g
58378.4057,20.0398,0.1188,ZTF-r
58379.3571,20.1457,0.0834,ZTF-r
58379.3723,21.8161,0.3136,ZTF-g
58379.4530,21.7221,0.3043,ZTF-g
58380.3091,19.8545,0.1126,ZTF-r
58382.3480,20.1276,0.0890,ZTF-r
58383.3594,20.2472,0.0889,ZTF-r
58384.1963,20.2205,0.1342,ZTF-r
58385.2876,20.0670,0.1210,ZTF-r
58386.3725,20.0128,0.0950,ZTF-r
58387.3579,19.0872,0.0638,ZTF-i
58388.2694,20.2289,0.0951,ZTF-r
58389.3026,20.2041,0.1080,ZTF-r
58389.3631,20.7806,0.1640,ZTF-g
58390.2532,20.2494,0.1368,ZTF-r
58400.2851,21.6589,0.2980,ZTF-g
58423.3254,20.1002,0.0809,ZTF-r
58426.2609,20.0056,0.0946,ZTF-r
58427.2924,19.1263,0.1412,ZTF-i
58428.2664,19.8593,0.0853,ZTF-r
58429.2473,21.9168,0.3235,ZTF-g
58429.2856,19.9453,0.0724,ZTF-r
58430.1532,20.1494,0.1276,ZTF-r
58430.2277,19.0083,0.1336,ZTF-i
58430.2681,21.6667,0.1810,ZTF-g
58431.1926,19.8442,0.0754,ZTF-r
58432.2931,20.0203,0.0693,ZTF-r
58434.2304,20.1641,0.1053,ZTF-r
58435.2920,20.0218,0.0690,ZTF-r
58437.2905,19.8148,0.1093,ZTF-r
58441.2834,19.8881,0.1508,ZTF-r
58443.1029,19.8968,0.1162,ZTF-r
58449.2515,19.9437,0.1203,ZTF-r
58456.2117,20.0805,0.1054,ZTF-r
58457.2090,20.3720,0.1624,ZTF-r
58472.1171,20.0430,0.1684,ZTF-r
58479.2948,17.6686,0.0289,NEOWISE-W1
58479.3343,17.9850,0.0823,NEOWISE-W2
58486.1136,20.1554,0.1819,ZTF-r
58490.1336,20.1322,0.1790,ZTF-r
58493.1167,20.3736,0.2093,ZTF-r
58627.4664,19.9458,0.0786,ZTF-r
58650.4323,20.1635,0.1829,ZTF-r
58653.4453,19.8845,0.1505,ZTF-r
58665.4509,20.1052,0.1758,ZTF-r
58668.3673,20.0214,0.1659,ZTF-r
58669.4336,20.1164,0.1771,ZTF-r
58674.4498,21.6730,0.2994,ZTF-g
58677.4602,21.5656,0.2042,ZTF-g
58677.4885,20.0760,0.1218,ZTF-r
58680.4252,20.1725,0.1840,ZTF-r
58682.9177,17.9745,0.1062,NEOWISE-W2
58682.9750,17.5490,0.0312,NEOWISE-W1
58683.4316,20.0724,0.0934,ZTF-r
58683.4442,20.0134,0.1649,ZTF-r
58686.4132,20.0150,0.0785,ZTF-r
58686.4544,18.9427,0.0754,ZTF-i
58696.4289,21.5804,0.2902,ZTF-g
58696.4595,21.8307,0.3150,ZTF-g
58697.4842,21.4521,0.2776,ZTF-g
58699.3928,20.0048,0.1639,ZTF-r
58699.4536,21.7125,0.3033,ZTF-g
58701.4594,21.7286,0.2156,ZTF-g
58704.4454,21.5874,0.2909,ZTF-g
58704.4696,20.1982,0.1872,ZTF-r
58705.4690,19.9764,0.1607,ZTF-r
58705.4858,21.5761,0.2898,ZTF-g
58706.4547,22.1591,0.3475,ZTF-g
58707.4759,20.0184,0.1655,ZTF-r
58708.4695,21.6508,0.2972,ZTF-g
58710.4009,20.0270,0.0793,ZTF-r
58711.3928,19.9939,0.0988,ZTF-r
58712.3870,20.0047,0.0782,ZTF-r
58713.3687,19.8974,0.0821,ZTF-r
58713.4286,19.1120,0.1403,ZTF-i
58714.3866,19.8730,0.0807,ZTF-r
58715.4086,19.9717,0.0762,ZTF-r
58716.4193,19.9846,0.0877,ZTF-r
58717.4929,20.0245,0.0793,ZTF-r
58718.9949,20.0440,0.0592,ZTF-r
58720.3873,20.0488,0.1691,ZTF-r
58722.4188,21.7724,0.2189,ZTF-g
58723.1785,21.8262,0.1171,ZTF-g
58724.3974,20.0680,0.0738,ZTF-r
58724.9713,21.7018,0.1293,ZTF-g
58726.3986,19.9950,0.0883,ZTF-r
58726.4233,21.8728,0.2420,ZTF-g
58727.4569,22.1598,0.2625,ZTF-g
58727.4982,20.0345,0.1184,ZTF-r
58730.3236,21.6220,0.2944,ZTF-g
58732.4061,21.6486,0.2970,ZTF-g
58732.9408,20.0372,0.1186,ZTF-r
58733.4374,19.0126,0.0796,ZTF-i
58734.4423,21.5848,0.2907,ZTF-g
58735.3473,20.1203,0.0848,ZTF-r
58736.3978,19.8521,0.0698,ZTF-r
58737.3323,19.8961,0.1517,ZTF-r
58737.4694,21.3577,0.2682,ZTF-g
58738.3666,19.9693,0.0631,ZTF-r
58739.3493,19.9533,0.0857,ZTF-r
58740.4249,19.8313,0.0783,ZTF-r
58741.2785,19.8658,0.0544,ZTF-r
58743.3683,19.9329,0.1101,ZTF-r
58743.4736,19.0047,0.1334,ZTF-i
58744.3926,19.8685,0.0772,ZTF-r
58745.3813,19.8956,0.0652,ZTF-r
58747.3924,19.0672,0.0830,ZTF-i
58747.4232,19.9665,0.0797,ZTF-r
58747.8892,19.9645,0.1127,ZTF-r
58749.2861,19.8653,0.0856,ZTF-r
58749.3438,21.6419,0.2963,ZTF-g
58750.3200,20.0187,0.0954,ZTF-r
58750.3864,21.5498,0.2189,ZTF-g
58751.3031,19.9827,0.0932,ZTF-r
58751.3717,18.9732,0.0669,ZTF-i
58751.4248,21.0061,0.2334,ZTF-g
58756.4004,19.9623,0.1591,ZTF-r
58756.4086,21.5899,0.2912,ZTF-g
58758.3213,19.9096,0.0765,ZTF-r
58758.3798,21.5102,0.1718,ZTF-g
58760.3203,19.9244,0.0894,ZTF-r
58760.3649,21.5296,0.2852,ZTF-g
58761.3627,19.9346,0.0697,ZTF-r
58763.3464,19.9290,0.0897,ZTF-r
58764.1356,19.9444,0.1571,ZTF-r
58764.3873,21.8914,0.3210,ZTF-g
58765.1456,19.9411,0.0700,ZTF-r
58766.1356,19.7194,0.1333,ZTF-r
58768.0166,19.7850,0.0699,ZTF-r
58769.2850,18.8225,0.1215,ZTF-i
58769.3550,19.7920,0.0989,ZTF-r
58770.2259,19.6756,0.0744,ZTF-r
58772.1368,19.9767,0.1607,ZTF-r
58775.1368,20.0390,0.1679,ZTF-r
58775.1652,21.7026,0.3024,ZTF-g
58776.1366,20.0625,0.1707,ZTF-r
58777.1370,19.9276,0.1552,ZTF-r
58777.1649,20.7735,0.2104,ZTF-g
58778.1371,19.8682,0.1487,ZTF-r
58779.1369,20.0095,0.1645,ZTF-r
58781.1368,19.8017,0.1416,ZTF-r
58782.1359,19.9953,0.1629,ZTF-r
58783.1371,20.0156,0.1652,ZTF-r
58785.1367,19.9448,0.1571,ZTF-r
58786.1436,19.9120,0.1535,ZTF-r
58787.1359,20.0084,0.1644,ZTF-r
58788.1368,20.1130,0.1767,ZTF-r
58789.2047,20.0550,0.1198,ZTF-r
58790.1679,19.8662,0.1485,ZTF-r
58792.1653,20.1147,0.1769,ZTF-r
58793.1293,19.9491,0.1576,ZTF-r
58793.2095,21.0012,0.2329,ZTF-g
58796.1147,20.2132,0.1890,ZTF-r
58800.3000,20.4018,0.1492,ZTF-r
58801.3083,19.9814,0.1613,ZTF-r
58803.2746,20.1151,0.1251,ZTF-r
58812.2455,20.0848,0.1733,ZTF-r
58814.1735,20.1201,0.1256,ZTF-r
58819.1636,20.1517,0.1814,ZTF-r
58830.2860,19.9182,0.1542,ZTF-r
58831.1002,19.9902,0.1623,ZTF-r
58837.0835,20.1461,0.1807,ZTF-r
58843.4546,17.9253,0.0889,NEOWISE-W2
58843.4667,17.5416,0.0313,NEOWISE-W1
58846.1167,19.8961,0.1517,ZTF-r
58849.0819,20.0025,0.1637,ZTF-r
58852.1567,20.0069,0.1642,ZTF-r
58855.1942,19.7484,0.1362,ZTF-r
58856.1677,19.9238,0.1548,ZTF-r
58859.1831,20.0612,0.1705,ZTF-r
58871.0904,19.7546,0.1368,ZTF-r
58874.1142,20.1264,0.1783,ZTF-r
58877.1227,19.9731,0.1603,ZTF-r
58880.1501,19.6885,0.1302,ZTF-r
58887.1106,19.7885,0.1403,ZTF-r
58891.1108,20.1089,0.1762,ZTF-r
58893.1127,21.7359,0.2322,ZTF-g
58893.1325,19.7433,0.1036,ZTF-r
58894.1292,19.7366,0.1350,ZTF-r
58905.1158,19.5695,0.1191,ZTF-r
58979.4751,19.7761,0.1390,ZTF-r
58981.4725,19.8638,0.0739,ZTF-r
58987.4645,19.9413,0.0781,ZTF-r
58991.4637,19.8388,0.0727,ZTF-r
58993.4637,19.7741,0.0692,ZTF-r
58995.4630,19.8300,0.0723,ZTF-r
58999.4610,19.8023,0.1002,ZTF-r
59001.4677,19.8762,0.0863,ZTF-r
59018.4695,19.8314,0.1448,ZTF-r
59024.4686,19.7951,0.1409,ZTF-r
59030.4684,20.1570,0.1821,ZTF-r
59033.3612,20.0367,0.1677,ZTF-r
59036.3883,19.7629,0.1376,ZTF-r
59037.4815,19.8654,0.1484,ZTF-r
59039.4613,19.9669,0.1596,ZTF-r
59042.4666,19.8436,0.1460,ZTF-r
59043.4734,19.9583,0.1121,ZTF-r
59044.7658,19.8830,0.0868,ZTF-r
59045.4877,19.8041,0.1419,ZTF-r
59046.4475,19.8097,0.1425,ZTF-r
59048.4316,19.8769,0.1496,ZTF-r
59049.4514,21.8149,0.3135,ZTF-g
59050.1770,17.7554,0.0926,NEOWISE-W2
59050.1961,17.2984,0.0228,NEOWISE-W1
59051.4007,19.9295,0.1554,ZTF-r
59051.4515,21.5808,0.2903,ZTF-g
59053.4963,19.8490,0.1466,ZTF-r
59054.4861,21.1706,0.2497,ZTF-g
59056.4545,21.3962,0.2720,ZTF-g
59056.4806,19.9113,0.1085,ZTF-r
59057.4965,19.8173,0.1433,ZTF-r
59059.4328,21.8793,0.3198,ZTF-g
59059.4730,19.9649,0.1127,ZTF-r
59061.3676,19.9803,0.1611,ZTF-r
59063.0855,19.8500,0.0846,ZTF-r
59064.3943,19.8733,0.1046,ZTF-r
59065.3691,20.1336,0.1792,ZTF-r
59065.4436,19.7937,0.1408,ZTF-r
59066.9271,19.9546,0.1116,ZTF-r
59068.4065,19.9185,0.1542,ZTF-r
59069.4315,19.7428,0.1356,ZTF-r
59072.4228,20.9923,0.2320,ZTF-g
59072.4970,19.8575,0.1475,ZTF-r
59073.4551,19.7243,0.1337,ZTF-r
59076.4009,19.8512,0.1037,ZTF-r
59078.4030,21.4542,0.2778,ZTF-g
59082.4932,19.8990,0.1075,ZTF-r
59085.3645,21.8947,0.3214,ZTF-g
59087.4334,19.8027,0.1002,ZTF-r
59087.4687,21.3683,0.2693,ZTF-g
59088.3978,19.7397,0.0956,ZTF-r
59089.4563,19.8014,0.1416,ZTF-r
59090.4720,19.8711,0.1053,ZTF-r
59093.3243,18.7029,0.0624,ZTF-i
59093.3950,19.9506,0.1578,ZTF-r
59094.4058,19.8970,0.1518,ZTF-r
59095.4189,19.7941,0.1408,ZTF-r
59095.9170,19.8031,0.1001,ZTF-r
59097.3954,18.8618,0.0707,ZTF-i
59097.8969,19.8283,0.1021,ZTF-r
59099.3571,19.7838,0.1398,ZTF-r
59106.3627,19.6916,0.1305,ZTF-r
59109.3306,21.1780,0.2504,ZTF-g
59109.4024,19.6800,0.0915,ZTF-r
59111.3149,18.6661,0.0607,ZTF-i
59112.3283,21.5097,0.2833,ZTF-g
59113.2874,19.7693,0.1383,ZTF-r
59113.3979,21.2052,0.2531,ZTF-g
59114.3734,18.6539,0.0601,ZTF-i
59116.2681,21.2175,0.2543,ZTF-g
59117.2936,21.3427,0.2667,ZTF-g
59118.3040,19.8871,0.1066,ZTF-r
59121.2534,18.7184,0.0632,ZTF-i
59124.2931,19.7794,0.1393,ZTF-r
59125.3326,19.8232,0.1439,ZTF-r
59125.3496,18.6689,0.0608,ZTF-i
59126.3482,19.6393,0.1255,ZTF-r
59129.2415,19.8215,0.1437,ZTF-r
59134.2667,21.7204,0.3041,ZTF-g
59134.3105,19.7662,0.1380,ZTF-r
59135.3589,18.7315,0.0639,ZTF-i
59136.2948,18.6754,0.0611,ZTF-i
59137.2959,18.6949,0.0621,ZTF-i
59138.2429,21.2995,0.2624,ZTF-g
59139.3537,18.7399,0.0643,ZTF-i
59140.2876,21.6812,0.3002,ZTF-g
59140.3457,18.6154,0.0583,ZTF-i
59142.3375,18.7277,0.0637,ZTF-i
59143.2914,18.6646,0.0606,ZTF-i
59144.3111,18.6618,0.0605,ZTF-i
59144.3293,21.8159,0.3136,ZTF-g
59151.2416,19.8121,0.1427,ZTF-r
59153.3262,19.8372,0.1454,ZTF-r
59155.2398,19.6442,0.1260,ZTF-r
59157.3266,19.7207,0.1334,ZTF-r
59164.3097,19.9605,0.1589,ZTF-r
59165.2705,18.7106,0.0628,ZTF-i
59172.1612,19.7315,0.1345,ZTF-r
59182.1217,19.7589,0.1372,ZTF-r
59184.2844,19.6896,0.1303,ZTF-r
59184.3233,18.8455,0.1229,ZTF-i
59188.2476,19.7351,0.1348,ZTF-r
59195.1759,21.7174,0.3038,ZTF-g
59195.2186,19.7228,0.1336,ZTF-r
59199.1355,19.7500,0.1363,ZTF-r
59202.1380,19.6704,0.1285,ZTF-r
59204.1785,19.7874,0.1402,ZTF-r
59210.6986,17.6424,0.0563,NEOWISE-W2
59210.6996,17.2386,0.0219,NEOWISE-W1
59211.1796,18.7908,0.1194,ZTF-i
59216.1183,19.6520,0.1267,ZTF-r
59218.1197,21.4325,0.2756,ZTF-g
59218.1638,19.7259,0.0947,ZTF-r
59219.1776,19.6810,0.1295,ZTF-r
59220.1152,19.6580,0.0900,ZTF-r
59223.1150,19.7785,0.1392,ZTF-r
59224.1120,19.5808,0.1201,ZTF-r
59226.1155,19.8545,0.1472,ZTF-r
59229.1156,19.6549,0.1270,ZTF-r
59230.1204,19.6355,0.1252,ZTF-r
59250.1582,19.5582,0.1181,ZTF-r
59252.1376,21.2136,0.2540,ZTF-g
59252.1610,19.7950,0.1409,ZTF-r
59254.1570,19.4588,0.1094,ZTF-r
59256.1325,21.2603,0.2586,ZTF-g
59256.1699,19.6622,0.1277,ZTF-r
59256.1927,18.4366,0.0979,ZTF-i
59263.1755,19.2000,0.0897,ZTF-r
59265.1424,19.7405,0.1354,ZTF-r
59268.1370,18.4606,0.0993,ZTF-i
59279.1257,19.3268,0.0695,ZTF-r
59280.1274,19.4094,0.0471,ZTF-r
59341.4875,19.0848,0.0820,ZTF-r
59342.4857,19.3610,0.0507,ZTF-r
59344.4846,19.2851,0.0478,ZTF-r
59345.4823,19.3828,0.0516,ZTF-r
59346.4824,19.3363,0.0575,ZTF-r
59348.4827,19.3394,0.0499,ZTF-r
59349.4804,19.2412,0.0463,ZTF-r
59352.4783,19.3625,0.1017,ZTF-r
59353.4797,19.1669,0.0618,ZTF-r
59354.4796,19.2062,0.0450,ZTF-r
59356.4777,19.3311,0.0496,ZTF-r
59357.4778,19.3251,0.0493,ZTF-r
59358.4774,19.2945,0.0482,ZTF-r
59359.4767,19.2876,0.0480,ZTF-r
59362.4630,19.3019,0.0434,ZTF-r
59363.4637,19.2926,0.0430,ZTF-r
59364.4620,19.3155,0.0438,ZTF-r
59365.4643,19.3083,0.0436,ZTF-r
59366.4641,19.3037,0.0434,ZTF-r
59367.4632,19.2681,0.0423,ZTF-r
59385.3891,19.2858,0.0958,ZTF-r
59387.4349,19.2475,0.0930,ZTF-r
59391.4055,19.2365,0.0922,ZTF-r
59393.4475,19.3232,0.0986,ZTF-r
59394.4054,18.1413,0.0825,ZTF-i
59399.4186,20.9414,0.2270,ZTF-g
59401.4412,19.3154,0.0980,ZTF-r
59402.4329,19.2109,0.0904,ZTF-r
59404.9466,19.2292,0.0649,ZTF-r
59405.4600,20.9033,0.2232,ZTF-g
59409.4334,21.0154,0.2343,ZTF-g
59409.9441,19.2448,0.0656,ZTF-r
59411.0018,20.8859,0.1563,ZTF-g
59411.9545,19.2156,0.0642,ZTF-r
59412.4439,21.2779,0.2603,ZTF-g
59414.2921,17.0178,0.0190,NEOWISE-W1
59414.2931,17.5411,0.0640,NEOWISE-W2
59414.4149,21.2927,0.2618,ZTF-g
59415.4649,20.9004,0.2229,ZTF-g
59416.4156,19.2302,0.0918,ZTF-r
59417.4079,18.3319,0.0922,ZTF-i
59418.4096,19.1868,0.0888,ZTF-r
59422.4320,19.1990,0.0896,ZTF-r
59424.3907,19.1562,0.0867,ZTF-r
59427.4562,19.1430,0.0858,ZTF-r
59427.4717,21.0564,0.2384,ZTF-g
59429.4247,21.0286,0.2356,ZTF-g
59434.4343,21.1770,0.2503,ZTF-g
59436.4190,18.1972,0.0420,ZTF-i
59436.4300,20.9774,0.2306,ZTF-g
59439.4141,18.2751,0.0446,ZTF-i
59439.4279,21.3172,0.2642,ZTF-g
59442.4324,19.1458,0.0860,ZTF-r
59446.3965,19.2699,0.0946,ZTF-r
59449.3731,18.8656,0.0693,ZTF-r
59454.3466,19.2301,0.0918,ZTF-r
59454.3933,20.8103,0.2140,ZTF-g
59454.4782,18.1116,0.0393,ZTF-i
59458.3688,19.1331,0.0852,ZTF-r
59460.3428,19.2836,0.0957,ZTF-r
59460.3841,21.1159,0.2443,ZTF-g
59462.3494,21.2008,0.2527,ZTF-g
59464.4413,20.9870,0.2315,ZTF-g
59468.4398,20.9585,0.2287,ZTF-g
59470.3779,21.2682,0.2594,ZTF-g
59472.3944,19.2343,0.0921,ZTF-r
59472.4104,20.9705,0.2299,ZTF-g
59474.2922,19.2121,0.0905,ZTF-r
59474.4185,21.0776,0.2405,ZTF-g
59476.3984,18.2903,0.0451,ZTF-i
59477.2413,19.3691,0.1022,ZTF-r
59478.3901,18.2992,0.0454,ZTF-i
59479.2957,18.1924,0.0418,ZTF-i
59479.3635,19.0479,0.0797,ZTF-r
59480.3916,18.2444,0.0435,ZTF-i
59488.2878,21.1200,0.2447,ZTF-g
59491.2464,19.2050,0.0900,ZTF-r
59498.3544,21.2796,0.2605,ZTF-g
59502.3690,19.2595,0.0939,ZTF-r
59503.2651,18.1971,0.0420,ZTF-i
59505.3253,18.3339,0.0923,ZTF-i
59509.3326,18.2408,0.0434,ZTF-i
59517.2315,20.9396,0.2268,ZTF-g
59521.2552,18.2490,0.0437,ZTF-i
59522.2594,21.0253,0.2353,ZTF-g
59524.2932,18.2528,0.0438,ZTF-i
59529.2098,19.2798,0.0954,ZTF-r
59529.2578,20.9392,0.2268,ZTF-g
59531.2303,18.2204,0.0427,ZTF-i
59531.2422,19.2991,0.0968,ZTF-r
59531.3467,21.1619,0.2488,ZTF-g
59532.2329,18.2694,0.0444,ZTF-i
59537.3339,19.3053,0.0973,ZTF-r
59542.2317,18.2671,0.0443,ZTF-i
59550.1557,19.2202,0.0911,ZTF-r
59550.2066,18.3530,0.0933,ZTF-i
59550.2233,21.1546,0.2481,ZTF-g
59574.8430,17.4064,0.0470,NEOWISE-W2
59574.8644,16.8586,0.0168,NEOWISE-W1
59622.1780,19.2480,0.0931,ZTF-r
59624.1551,19.1093,0.0836,ZTF-r
59707.4816,19.0122,0.0776,ZTF-r
59708.4816,19.2088,0.0638,ZTF-r
59710.4816,19.3185,0.0695,ZTF-r
59712.4812,19.2965,0.0483,ZTF-r
59713.4839,19.3529,0.0582,ZTF-r
59714.4822,19.2835,0.0478,ZTF-r
59718.4768,19.3380,0.0446,ZTF-r
59719.4774,19.2145,0.0453,ZTF-r
59720.4750,19.3192,0.0568,ZTF-r
59721.4747,19.2855,0.0428,ZTF-r
59722.4734,20.6574,0.1989,ZTF-g
59723.4745,19.3212,0.0440,ZTF-r
59724.4751,19.2262,0.0457,ZTF-r
59729.4621,19.3742,0.0459,ZTF-r
59730.4629,19.2892,0.0679,ZTF-r
59731.4627,19.3170,0.0439,ZTF-r
59732.4620,19.3080,0.0436,ZTF-r
59757.4424,21.2895,0.2615,ZTF-g
59764.3861,19.5578,0.1180,ZTF-r
59764.4266,21.3384,0.2663,ZTF-g
59766.3906,19.4049,0.1050,ZTF-r
59766.4273,21.1898,0.2516,ZTF-g
59769.4617,21.2290,0.2555,ZTF-g
59772.3660,19.6212,0.1238,ZTF-r
59774.3672,19.4196,0.1062,ZTF-r
59775.4144,19.3420,0.1001,ZTF-r
59775.4613,19.6191,0.1236,ZTF-r
59778.4454,19.5059,0.1134,ZTF-r
59779.6980,16.9450,0.0135,NEOWISE-W1
59779.6998,17.3852,0.0401,NEOWISE-W2
59782.4114,19.3938,0.1041,ZTF-r
59782.4487,20.7061,0.2037,ZTF-g
59788.4540,21.1769,0.2503,ZTF-g
59798.4126,21.3641,0.2688,ZTF-g
59798.4537,19.4289,0.1070,ZTF-r
59801.4312,20.7635,0.2094,ZTF-g
59804.4296,18.4501,0.0987,ZTF-i
59806.4123,19.5265,0.1152,ZTF-r
59807.4588,18.3392,0.0469,ZTF-i
59808.4260,19.3902,0.1038,ZTF-r
59811.4460,18.3822,0.0485,ZTF-i
59812.4700,18.3804,0.0484,ZTF-i
59813.3839,19.4625,0.1098,ZTF-r
59814.3695,18.3807,0.0484,ZTF-i
59815.3698,18.4339,0.0505,ZTF-i
59816.4192,18.4993,0.0532,ZTF-i
59817.4283,21.2382,0.2564,ZTF-g
59819.4260,21.2469,0.2572,ZTF-g
59822.4244,21.0043,0.2332,ZTF-g
59839.3675,21.1931,0.2519,ZTF-g
59841.2856,21.3886,0.2713,ZTF-g
59843.3106,19.4598,0.1095,ZTF-r
59843.3473,21.2142,0.2540,ZTF-g
59846.3703,21.1844,0.2511,ZTF-g
59848.3724,21.3560,0.2680,ZTF-g
59849.3860,18.6187,0.1086,ZTF-i
59850.2809,19.5000,0.1129,ZTF-r
59850.3915,21.5157,0.2839,ZTF-g
59852.3447,21.3206,0.2645,ZTF-g
59856.3014,19.4209,0.1063,ZTF-r
59858.3005,19.4801,0.1112,ZTF-r
59860.2279,19.5194,0.1146,ZTF-r
59860.3638,18.4050,0.0494,ZTF-i
59861.3133,19.4458,0.0825,ZTF-r
59862.3152,19.4992,0.1129,ZTF-r
59862.3547,18.4952,0.1012,ZTF-i
59864.2822,19.4141,0.1058,ZTF-r
59865.3752,19.4793,0.0847,ZTF-r
59866.3153,20.8175,0.1667,ZTF-g
59866.3537,19.4231,0.1065,ZTF-r
59871.2015,19.5186,0.1146,ZTF-r
59872.3322,20.8461,0.1687,ZTF-g
59873.1857,19.4221,0.1064,ZTF-r
59873.2232,21.1264,0.2453,ZTF-g
59874.2913,19.4872,0.0852,ZTF-r
59877.2882,21.1939,0.2520,ZTF-g
59879.2303,18.3524,0.0474,ZTF-i
59879.2910,19.4946,0.1125,ZTF-r
59880.3162,18.4493,0.0511,ZTF-i
59882.3087,19.6065,0.0934,ZTF-r
59883.3602,19.4943,0.0857,ZTF-r
59887.2551,18.3840,0.0486,ZTF-i
59894.2890,19.5404,0.1165,ZTF-r
59896.2274,20.7365,0.2067,ZTF-g
59896.3065,19.6151,0.1232,ZTF-r
59901.2493,19.5114,0.0868,ZTF-r
59902.1685,19.4686,0.1103,ZTF-r
59904.1850,20.9874,0.2316,ZTF-g
59904.2276,19.5174,0.0694,ZTF-r
59906.2046,21.1484,0.2475,ZTF-g
59907.2326,18.3758,0.0483,ZTF-i
59910.1848,19.4973,0.1127,ZTF-r
59910.2195,21.3915,0.2716,ZTF-g
59913.1868,19.4488,0.0827,ZTF-r
59932.1332,20.8989,0.2228,ZTF-g
59934.2030,20.9530,0.2282,ZTF-g
59934.2463,19.5826,0.1203,ZTF-r
59936.1991,19.6450,0.1261,ZTF-r
59939.8386,16.8145,0.0236,NEOWISE-W1
59940.0212,17.2191,0.0597,NEOWISE-W2
59956.1398,19.5693,0.1191,ZTF-r
59958.1424,19.6292,0.1246,ZTF-r
59969.1437,19.6072,0.1225,ZTF-r
59980.1201,19.6412,0.1257,ZTF-r
59984.1098,19.3770,0.1028,ZTF-r
59994.1720,19.5207,0.1147,ZTF-r
60072.4852,19.6507,0.0731,ZTF-r
60073.4843,19.1832,0.0885,ZTF-r
60075.4804,19.5991,0.0703,ZTF-r
60076.4808,19.7948,0.0704,ZTF-r
60077.4810,19.6317,0.0623,ZTF-r
60078.4801,19.6738,0.0644,ZTF-r
60079.4811,19.8000,0.0631,ZTF-r
60081.4794,19.8239,0.0642,ZTF-r
60082.4799,19.7959,0.0628,ZTF-r
60083.4773,19.7626,0.0614,ZTF-r
60085.4784,19.7229,0.0771,ZTF-r
60087.4760,19.7078,0.0590,ZTF-r
60088.4766,19.8006,0.0631,ZTF-r
60089.4754,19.6889,0.0582,ZTF-r
60090.4750,19.7572,0.0684,ZTF-r
60093.4642,19.7305,0.0672,ZTF-r
60094.4603,19.6886,0.1302,ZTF-r
60097.4621,19.7315,0.0776,ZTF-r
60124.4103,20.8360,0.2166,ZTF-g
60124.4476,19.4901,0.1121,ZTF-r
60133.4075,19.3772,0.1028,ZTF-r
60135.4047,20.5337,0.1867,ZTF-g
60135.4619,19.2805,0.0954,ZTF-r
60138.4247,20.6545,0.1986,ZTF-g
60141.3406,20.7623,0.2093,ZTF-g
60144.3876,19.2789,0.0953,ZTF-r
60144.4448,20.8833,0.2213,ZTF-g
60145.5396,16.9732,0.0196,NEOWISE-W1
60145.5879,17.2237,0.0497,NEOWISE-W2
60148.4528,20.8716,0.2201,ZTF-g
60150.4264,21.0616,0.2389,ZTF-g
60150.4521,19.2896,0.0961,ZTF-r
60153.4583,19.2523,0.0934,ZTF-r
60156.3805,19.2997,0.0969,ZTF-r
60160.4372,19.3403,0.0999,ZTF-r
60163.4060,19.3973,0.1044,ZTF-r
60163.4693,20.7884,0.2119,ZTF-g
60168.4083,21.3300,0.2655,ZTF-g
60173.4560,19.3739,0.1025,ZTF-r
60173.4740,21.3433,0.2668,ZTF-g
60178.4287,20.9697,0.2298,ZTF-g
60181.4389,18.4436,0.0509,ZTF-i
60182.4557,19.3221,0.0985,ZTF-r
60184.4747,19.4859,0.1117,ZTF-r
60186.4158,19.5658,0.1187,ZTF-r
60194.4235,21.1754,0.2502,ZTF-g
60196.3316,21.1354,0.2462,ZTF-g
60198.3303,18.7357,0.1159,ZTF-i
60200.3738,21.1786,0.2505,ZTF-g
60200.4566,19.5534,0.1176,ZTF-r
60202.3252,19.4019,0.1048,ZTF-r
60202.4414,21.2068,0.2533,ZTF-g
60204.4467,20.8544,0.2184,ZTF-g
60206.4067,21.2783,0.2603,ZTF-g
60207.2855,18.5925,0.1070,ZTF-i
60209.3106,19.4753,0.1108,ZTF-r
60212.4151,20.9032,0.2232,ZTF-g
60214.3129,19.3063,0.0973,ZTF-r
60214.4108,18.3867,0.0487,ZTF-i
60216.4908,19.3045,0.0972,ZTF-r
60221.3233,19.1930,0.0892,ZTF-r
60221.3690,20.9668,0.2295,ZTF-g
60223.2270,19.1560,0.0867,ZTF-r
60226.3269,18.5705,0.1057,ZTF-i
60228.2493,20.8869,0.2216,ZTF-g
60228.3005,19.2437,0.0928,ZTF-r
60231.3113,20.9841,0.2312,ZTF-g
60231.3363,19.1873,0.0888,ZTF-r
60233.1849,19.2407,0.0925,ZTF-r
60235.2048,20.7371,0.2068,ZTF-g
60237.2079,19.3101,0.0976,ZTF-r
60237.2422,20.7731,0.2103,ZTF-g
60239.2680,20.9467,0.2275,ZTF-g
60242.3831,19.2491,0.0931,ZTF-r
60242.4723,20.9289,0.2258,ZTF-g
60245.2312,19.3257,0.0988,ZTF-r
60245.2653,18.5067,0.1019,ZTF-i
60248.2708,18.5186,0.0540,ZTF-i
60250.3093,19.2046,0.0900,ZTF-r
60252.3031,19.2537,0.0935,ZTF-r
60254.2225,20.9690,0.2297,ZTF-g
60254.2410,19.3390,0.0998,ZTF-r
60258.2649,18.4047,0.0961,ZTF-i
60259.2228,20.9284,0.2257,ZTF-g
60259.2984,19.3452,0.1003,ZTF-r
60261.2486,19.3488,0.1006,ZTF-r
60261.3097,21.0024,0.2330,ZTF-g
60268.1786,19.4740,0.1107,ZTF-r
60287.1228,19.6480,0.1263,ZTF-r
60287.1349,20.9539,0.2282,ZTF-g
60288.1833,19.5675,0.1189,ZTF-r
60289.1242,19.3981,0.1045,ZTF-r
60291.1749,20.8207,0.2151,ZTF-g
60295.1664,18.5164,0.0539,ZTF-i
60306.0371,17.3591,0.0551,NEOWISE-W2
60306.0388,17.0379,0.0215,NEOWISE-W1
60315.2171,19.5118,0.0805,ZTF-r
60322.2146,18.4197,0.0970,ZTF-i
60340.1230,20.9246,0.2253,ZTF-g
60355.1545,20.5208,0.1854,ZTF-g
60358.1333,19.3237,0.0987,ZTF-r
60430.4882,19.0244,0.0596,ZTF-r
60432.4847,19.1198,0.0641,ZTF-r
60433.4837,19.1502,0.0464,ZTF-r
60437.4846,19.0146,0.0449,ZTF-r
60438.4868,19.2290,0.0529,ZTF-r
60439.4830,19.0924,0.0583,ZTF-r
60440.4832,19.1540,0.0499,ZTF-r
60441.4769,18.9621,0.0328,ZTF-r
60442.4751,18.9626,0.0328,ZTF-r
60443.4775,19.0741,0.0357,ZTF-r
60444.4740,18.9767,0.0331,ZTF-r
60445.4828,19.0250,0.0421,ZTF-r
60446.4739,19.0743,0.0357,ZTF-r
60447.4721,19.1428,0.0495,ZTF-r
60449.4715,19.0188,0.0450,ZTF-r
60450.4696,18.9654,0.0529,ZTF-r
60451.4709,19.1087,0.0482,ZTF-r
60452.4679,19.1309,0.0601,ZTF-r
60464.4554,16.8454,0.1216,WINTER-J
60464.4679,16.6628,0.1660,WINTER-Hs
60471.4083,16.7061,0.2403,WINTER-J
60471.4499,18.2874,0.0898,ZTF-i
60474.3976,16.6694,0.1817,WINTER-J
60477.3890,16.7698,0.1528,WINTER-J
60477.4460,18.1971,0.0853,ZTF-i
60480.4760,16.7914,0.1029,WINTER-J
60483.3696,16.9243,0.1216,WINTER-J
60484.4530,18.1776,0.0843,ZTF-i
60486.4774,17.0231,0.1967,WINTER-J
60487.3862,18.0477,0.0782,ZTF-i
60488.3597,19.0174,0.0463,ZTF-r
60488.4540,20.4270,0.1180,ZTF-g
60489.4698,16.9336,0.1229,WINTER-J
60490.4264,18.0898,0.0801,ZTF-i
60494.4484,20.5932,0.1323,ZTF-g
60495.3784,16.7348,0.2224,WINTER-J
60498.3339,16.6671,0.1259,WINTER-J
60501.3368,17.0241,0.2855,WINTER-J
60505.4484,20.5779,0.1649,ZTF-g
60511.3633,19.0243,0.0743,ZTF-r
60514.3736,18.8635,0.0585,ZTF-r
60516.4093,18.9834,0.0630,ZTF-r
60516.4559,20.3317,0.2625,ZTF-g
60525.3715,20.8553,0.1411,ZTF-g
60527.3476,20.7980,0.1390,ZTF-g
60529.4293,20.7313,0.1825,ZTF-g
60539.4293,20.4332,0.1593,ZTF-g
60543.3718,20.3956,0.2418,ZTF-g
60544.3180,18.9703,0.0658,ZTF-r
60545.4605,20.3921,0.2438,ZTF-g
60549.4531,20.4856,0.1056,ZTF-g
60552.3354,16.5627,0.0578,WINTER-J
60553.3216,16.6229,0.0692,WINTER-J
60554.3367,20.5221,0.0953,ZTF-g
60554.3372,16.6329,0.1262,WINTER-J
60555.3319,16.6599,0.0819,WINTER-J
60556.3265,16.5551,0.0755,WINTER-J
60557.3241,16.7999,0.0739,WINTER-J
60558.3268,16.6172,0.1744,WINTER-J
60559.3206,16.7246,0.1116,WINTER-J
60560.3835,20.5221,0.1174,ZTF-g
60561.3121,16.4831,0.1967,WINTER-J
60562.3136,16.7031,0.2516,WINTER-J
60562.3226,20.5486,0.1333,ZTF-g
60564.1851,20.4074,0.1076,ZTF-g
60564.1891,19.0334,0.0301,ZTF-r
60566.3081,16.6015,0.1199,WINTER-J
60569.2917,16.8221,0.1273,WINTER-J
60569.3034,20.1795,0.2831,ZTF-g
60571.2902,16.5906,0.1247,WINTER-J
60572.1576,16.4359,0.1514,WINTER-Hs
60572.1700,16.6735,0.1183,WINTER-J
60572.3043,18.8353,0.0472,ZTF-r
60572.3926,20.0234,0.2027,ZTF-g
60575.4033,20.5770,0.2040,ZTF-g
60576.2469,16.7434,0.1243,WINTER-J
60577.3514,20.1842,0.1334,ZTF-g
60579.2576,16.9124,0.1120,WINTER-J
60581.2552,16.7320,0.0869,WINTER-J
60582.2347,16.7897,0.1336,WINTER-J
60583.2391,16.7698,0.1010,WINTER-J
60586.2438,16.7804,0.1230,WINTER-J
60587.2324,16.7115,0.1136,WINTER-J
60588.2486,16.6912,0.1247,WINTER-J
60590.2354,16.9140,0.1240,WINTER-J
60591.1978,16.8133,0.1889,WINTER-J
60592.2149,16.6859,0.1775,WINTER-J
60592.3688,20.4074,0.1302,ZTF-g
60593.2113,16.5971,0.1338,WINTER-J
60594.2087,16.8032,0.1365,WINTER-J
60594.4334,20.4579,0.1632,ZTF-g
60595.2163,16.8364,0.1401,WINTER-J
60596.2184,16.6346,0.1525,WINTER-J
60597.2129,16.9726,0.1339,WINTER-J
60598.1984,16.7509,0.1278,WINTER-J
60598.2424,20.5527,0.2062,ZTF-g
60598.3263,18.8031,0.0369,ZTF-r
60599.0778,16.5372,0.1989,WINTER-J
60599.0902,16.2368,0.1053,WINTER-Hs
60599.1958,16.7522,0.1279,WINTER-J
60600.2050,17.0076,0.1280,WINTER-J
60600.2467,18.7781,0.0938,ZTF-r
60602.2005,17.0678,0.1997,WINTER-J
60603.1629,16.7049,0.1156,WINTER-J
60604.1617,16.8050,0.1649,WINTER-J
60605.1609,16.7670,0.0990,WINTER-J
60609.1044,16.5726,0.2462,WINTER-J
60609.1170,16.3193,0.1236,WINTER-Hs
60619.1026,16.3686,0.1261,WINTER-Hs
60624.1397,17.8686,0.0317,ZTF-i
60626.1347,16.6332,0.2181,WINTER-J
60631.1179,16.4454,0.1663,WINTER-J
60632.3057,20.1137,0.1359,ZTF-g
60636.2693,20.3742,0.1419,ZTF-g
60653.1133,18.6857,0.0434,ZTF-r
60655.2812,18.6225,0.0645,ZTF-r
60660.2048,20.0704,0.2975,ZTF-g
60664.2453,16.4644,0.1058,WINTER-J
60684.1455,17.9264,0.0799,ZTF-i
60689.1685,16.5011,0.1310,WINTER-J
60690.0718,16.6270,0.2591,WINTER-J
60690.0835,16.3733,0.1396,WINTER-J
60693.2406,18.7858,0.0708,ZTF-r
60694.1240,16.2636,0.0811,WINTER-J
60700.1026,16.2947,0.0680,WINTER-J
60700.1145,16.2055,0.0729,WINTER-J
60708.1320,16.1958,0.0962,WINTER-J
60728.1425,16.1948,0.1082,WINTER-J
60731.1120,16.4520,0.2105,WINTER-J
60797.4905,19.1231,0.1384,ZTF-r
60798.4882,19.0705,0.0775,ZTF-r
60803.4878,19.1266,0.0980,ZTF-r
60804.4993,16.2214,0.1735,WINTER-J
60805.4876,19.2168,0.0786,ZTF-r
60806.4911,19.1653,0.0761,ZTF-r
60810.4879,19.1951,0.1594,ZTF-r
60811.4869,19.2428,0.1566,ZTF-r
60815.4873,19.3229,0.1501,ZTF-r
60816.4861,19.1299,0.0901,ZTF-r
60817.4852,19.2069,0.0755,ZTF-r
60818.4849,19.2063,0.0680,ZTF-r
60822.4721,16.1693,0.1178,WINTER-J
60822.4841,16.0439,0.0761,WINTER-J
60829.4935,16.0326,0.2277,WINTER-J
60834.4449,16.0994,0.1351,WINTER-J
60843.4902,15.6690,0.0991,WINTER-J
60846.4882,15.9269,0.0938,WINTER-J
60849.4820,15.8856,0.0980,WINTER-J
60852.4843,15.7684,0.0848,WINTER-J
60853.3949,19.4430,0.0578,ZTF-r
60863.4889,15.8580,0.0798,WINTER-J
60866.4814,15.8777,0.0971,WINTER-J
60867.0000,15.9770,0.0359,SPHEREx-W1
60869.4782,15.8046,0.2051,WINTER-J
60870.3863,17.9342,0.0688,ZTF-i
60873.0000,16.3202,0.1237,SPHEREx-W2
60876.4678,16.0827,0.1160,WINTER-J
60881.3464,18.0556,0.0355,ZTF-i
60882.4327,19.5265,0.0748,ZTF-r
60886.3424,20.8785,0.1938,ZTF-g
60886.4484,15.9979,0.1185,WINTER-J
60887.3381,16.0179,0.1090,WINTER-J
60892.3517,18.0635,0.0401,ZTF-i
60894.3480,19.6882,0.0899,ZTF-r
60895.3129,17.9998,0.0579,ZTF-i
60896.3480,18.0413,0.0474,ZTF-i
60897.2917,17.9393,0.0619,ZTF-i
60898.2878,18.0490,0.0595,ZTF-i
60898.4115,19.3752,0.0840,ZTF-r
60899.3323,17.9540,0.0569,ZTF-i
60901.3528,17.9887,0.0396,ZTF-i
60902.3529,17.9989,0.0390,ZTF-i
60908.3926,17.9622,0.0332,ZTF-i
60911.2480,18.0008,0.0358,ZTF-i
60918.3663,16.0052,0.0957,WINTER-J
60924.4029,19.5543,0.0651,ZTF-r
60925.3862,19.6095,0.1064,ZTF-r
60926.4682,19.5397,0.0816,ZTF-r
60928.4938,19.6197,0.1292,ZTF-r
60934.4133,19.4088,0.0682,ZTF-r
60935.3446,21.3053,0.1917,ZTF-g
60938.3938,19.5067,0.0361,ZTF-r
60939.2604,19.4866,0.0451,ZTF-r
60942.4041,21.1233,0.1213,ZTF-g
60944.3655,19.4678,0.0414,ZTF-r
60948.3915,19.4979,0.0407,ZTF-r
60949.2616,19.5148,0.0474,ZTF-r
60950.2830,19.3617,0.0537,ZTF-r
60950.2832,19.4288,0.0393,ZTF-r
60950.2835,19.4930,0.0575,ZTF-r
60951.2707,19.5718,0.0809,ZTF-r
60951.2710,19.5426,0.0542,ZTF-r
60951.2712,19.5169,0.0729,ZTF-r
60953.2175,19.2802,0.0717,ZTF-r
60953.2180,19.3825,0.0536,ZTF-r
60953.2184,19.4793,0.0800,ZTF-r
60953.3856,20.6523,0.2289,ZTF-g
60953.3856,20.6523,0.2289,ZTF-g
60954.2785,20.6624,0.2585,ZTF-g
60954.2785,20.6624,0.2585,ZTF-g
60955.2939,19.3113,0.0829,ZTF-r
60955.2939,19.3113,0.0829,ZTF-r
60957.1857,19.0379,0.0732,ZTF-r
60957.1857,19.0379,0.0732,ZTF-r
60957.3846,20.2176,0.2599,ZTF-g
60957.3846,20.2176,0.2599,ZTF-g
60958.4803,18.7960,0.0617,ZTF-r
60958.4803,18.7960,0.0617,ZTF-r
60960.3623,18.3107,0.0291,ZTF-r
60960.3626,18.3205,0.0199,ZTF-r
60960.3628,18.3288,0.0272,ZTF-r
60966.1939,17.8117,0.0444,ZTF-r
60966.1939,17.8117,0.0444,ZTF-r
60968.1909,17.4168,0.0352,ZTF-r
60968.1909,17.4168,0.0352,ZTF-r
60968.2162,17.8015,0.0552,ZTF-g
60968.2162,17.8015,0.0552,ZTF-g
60968.2164,17.7879,0.0110,ZTF-g
60968.2167,17.7831,0.0391,ZTF-g
60968.2167,17.7831,0.0391,ZTF-g
60968.2525,17.8421,0.0634,ZTF-g
60968.2525,17.8421,0.0634,ZTF-g
60968.2996,17.2992,0.0336,ZTF-r
60968.2996,17.2992,0.0336,ZTF-r
60969.1862,16.9020,0.0332,ZTF-r
60969.1862,16.9020,0.0332,ZTF-r
60970.1649,16.1255,0.0226,ZTF-r
60970.1649,16.1255,0.0226,ZTF-r
60970.1983,16.2098,0.0411,ZTF-r
60970.1983,16.2098,0.0411,ZTF-r
60970.2203,16.4838,0.0761,ZTF-g
60970.2203,16.4838,0.0761,ZTF-g
60970.3046,16.2201,0.0332,ZTF-g
60970.3046,16.2201,0.0332,ZTF-g
60970.3050,16.2312,0.0298,ZTF-g
60970.3050,16.2312,0.0298,ZTF-g
60971.6643,15.4512,0.0361,GIT-r'
60971.6819,15.2905,0.0307,GIT-i'
60971.6863,15.6704,0.0393,GIT-g'
60972.2393,15.3922,0.0247,ZTF-r
60972.2393,15.3922,0.0247,ZTF-r
60972.3012,15.5756,0.0260,ZTF-g
60972.3012,15.5756,0.0260,ZTF-g
60972.4090,15.3128,0.0243,ZTF-r
60972.4090,15.3128,0.0243,ZTF-r
60973.1664,15.1375,0.0341,ZTF-r
60973.1664,15.1375,0.0341,ZTF-r
60973.1669,15.1425,0.0296,ZTF-r
60973.1669,15.1425,0.0296,ZTF-r
60973.7558,14.9264,0.0386,GIT-i'
60973.7601,15.2652,0.0646,GIT-g'
60973.7644,15.0154,0.0487,GIT-r'
60974.2643,15.1827,0.0243,ZTF-r
60974.2643,15.1827,0.0243,ZTF-r
60974.3086,15.2449,0.0247,ZTF-g
60974.3086,15.2449,0.0247,ZTF-g
60974.3091,15.2465,0.0229,ZTF-g
60974.3091,15.2465,0.0229,ZTF-g
60974.3165,15.2527,0.0170,ZTF-g
60974.3165,15.2527,0.0170,ZTF-g
60974.5468,14.7832,0.0597,GIT-z'
60974.5602,14.8592,0.0361,GIT-i'
60974.5645,15.1690,0.0343,GIT-g'
60974.5688,14.9328,0.0758,GIT-r'
60975.1819,14.9064,0.0323,ZTF-r
60975.1819,14.9064,0.0323,ZTF-r
60975.1824,14.9182,0.0283,ZTF-r
60975.1824,14.9182,0.0283,ZTF-r
60975.2905,15.1710,0.0228,ZTF-g
60975.2905,15.1710,0.0228,ZTF-g
60975.2910,15.1745,0.0206,ZTF-g
60975.2910,15.1745,0.0206,ZTF-g
60975.5470,14.8164,0.0492,GIT-i'
60975.5556,15.1570,0.0394,GIT-g'
60975.5599,14.9148,0.0457,GIT-r'
60975.5642,14.6909,0.0708,GIT-z'
60976.2425,15.1767,0.0256,ZTF-g
60976.2425,15.1767,0.0256,ZTF-g
60976.3054,14.9584,0.0215,ZTF-r
60976.3054,14.9584,0.0215,ZTF-r
60976.5417,14.5944,0.1209,GIT-z'
60976.5550,14.8014,0.0528,GIT-i'
60976.5593,15.1468,0.0614,GIT-g'
60976.5636,14.8929,0.0384,GIT-r'
60977.2004,15.1914,0.0275,ZTF-g
60977.2004,15.1914,0.0275,ZTF-g
60977.2009,15.1880,0.0243,ZTF-g
60977.2009,15.1880,0.0243,ZTF-g
60977.5408,14.6390,0.0613,GIT-z'
60977.5540,14.7900,0.0420,GIT-i'
60977.5583,15.1339,0.0386,GIT-g'
60977.5648,14.8749,0.0307,GIT-r'
60978.2206,14.9739,0.0263,ZTF-r
60978.2206,14.9739,0.0263,ZTF-r
60978.2844,14.8522,0.0318,ZTF-r
60978.2844,14.8522,0.0318,ZTF-r
60978.2848,14.8472,0.0305,ZTF-r
60978.2848,14.8472,0.0305,ZTF-r
60978.3437,15.1966,0.0216,ZTF-g
60978.3437,15.1966,0.0216,ZTF-g
60978.5439,14.6114,0.0465,GIT-z'
60978.5530,14.7707,0.0342,GIT-i'
60978.5573,15.1555,0.0204,GIT-g'
60978.5616,14.8532,0.0387,GIT-r'
60979.1833,14.8484,0.0355,ZTF-r
60979.1833,14.8484,0.0355,ZTF-r
60979.1837,14.8718,0.0370,ZTF-r
60979.1837,14.8718,0.0370,ZTF-r
60979.6171,14.8737,0.0388,GIT-r'
60979.6214,15.1543,0.0686,GIT-g'
60979.6299,14.7485,0.0466,GIT-i'
60979.6410,14.6036,0.0455,GIT-z'
60980.2420,14.8285,0.0277,ZTF-r
60980.2420,14.8285,0.0277,ZTF-r
60980.2425,14.8222,0.0289,ZTF-r
60980.2425,14.8222,0.0289,ZTF-r
60980.3072,14.9154,0.0249,ZTF-r
60980.3072,14.9154,0.0249,ZTF-r
60980.4300,15.1835,0.0245,ZTF-g
60980.4300,15.1835,0.0245,ZTF-g
60980.5791,14.8422,0.0295,GIT-r'
60980.5834,15.1468,0.0225,GIT-g'
60980.5877,14.7037,0.0529,GIT-i'
60980.5968,14.5771,0.0328,GIT-z'
60981.1588,15.1865,0.0200,ZTF-g
60981.1588,15.1865,0.0200,ZTF-g
60981.1592,15.1942,0.0230,ZTF-g
60981.1592,15.1942,0.0230,ZTF-g
60981.5784,14.7986,0.0356,GIT-r'
60981.5827,15.1395,0.0295,GIT-g'
60981.5870,14.6403,0.0738,GIT-i'
60981.5961,14.5191,0.0122,GIT-z'
60982.1357,14.5765,0.2361,WINTER-J
60982.1637,14.5585,0.1557,WINTER-Hs
60982.1830,16.4439,0.0606,SEDM-u
60982.1925,14.6287,0.0233,SEDM-i
60982.2190,15.1115,0.0189,ZTF-g
60982.2190,15.1115,0.0189,ZTF-g
60982.4158,14.8301,0.0193,ZTF-r
60982.4158,14.8301,0.0193,ZTF-r
60982.5522,14.6232,0.0240,GIT-i'
60982.5566,15.1400,0.0310,GIT-g'
60982.5609,14.4630,0.0360,GIT-z'
60982.5696,14.7893,0.0405,GIT-r'
60982.7536,18.5877,0.1072,UVOT-UVW1
60982.7536,18.5257,0.0966,UVOT-UVW1
60982.7536,18.5877,0.1072,UVOT-UVW1
60982.7584,19.7363,0.1292,UVOT-UVW2
60982.7584,19.6956,0.1130,UVOT-UVW2
60982.7584,19.7363,0.1292,UVOT-UVW2
60982.7629,19.3847,0.1311,UVOT-UVM2
60982.7629,19.3109,0.1184,UVOT-UVM2
60982.7629,19.3847,0.1311,UVOT-UVM2
60983.1480,14.5467,0.0221,SEDM-i
60983.1563,14.3241,0.1091,WINTER-J
60983.1814,14.4158,0.1894,WINTER-Hs
60983.2283,14.7222,0.0251,ZTF-r
60983.2283,14.7222,0.0251,ZTF-r
60984.0952,14.3032,0.0941,WINTER-J
60984.1201,14.3940,0.1548,WINTER-Hs
60984.2202,15.1182,0.0311,ZTF-g
60984.2202,15.1182,0.0311,ZTF-g
60984.2388,15.1134,0.0236,ZTF-g
60984.2388,15.1134,0.0236,ZTF-g
60984.3098,14.4562,0.0121,SEDM-i
60984.5933,14.7110,0.0843,GIT-r'
60984.5976,14.5829,0.0822,GIT-i'
60984.7753,15.0657,0.0572,GIT-g'
60985.1210,15.1330,0.0163,ZTF-g
60985.1210,15.1330,0.0163,ZTF-g
60985.1869,14.2966,0.0808,WINTER-J
60985.2028,14.4379,0.0956,WINTER-Hs
60985.2704,15.1189,0.0285,ZTF-g
60985.2704,15.1189,0.0285,ZTF-g
60985.2709,15.1400,0.0233,ZTF-g
60985.2709,15.1400,0.0233,ZTF-g
60986.0839,16.5391,0.0410,SEDM-u
60986.0934,14.4132,0.0106,SEDM-i
60986.1633,14.1240,0.0884,WINTER-J
60986.1886,14.3030,0.1191,WINTER-Hs
60986.1961,15.0995,0.0291,ZTF-g
60986.1961,15.0995,0.0291,ZTF-g
60986.2340,18.5774,0.1507,UVOT-UVW1
60986.2358,19.6423,0.1918,UVOT-UVW2
60986.2379,19.5156,0.1738,UVOT-UVM2
60986.3384,14.6243,0.0229,ZTF-r
60986.3384,14.6243,0.0229,ZTF-r
60986.5306,14.6545,0.0630,GIT-r'
60986.5349,15.0966,0.0656,GIT-g'
60986.5392,14.4906,0.0431,GIT-i'
60986.5479,14.2552,0.0707,GIT-z'
60987.0443,18.5091,0.0641,UVOT-UVW1
60987.0462,19.8501,0.0884,UVOT-UVW2
60987.0483,19.9705,0.0921,UVOT-UVM2
60987.0625,14.3082,0.0792,WINTER-J
60987.0876,14.2628,0.1452,WINTER-Hs
60987.5303,14.6502,0.0409,GIT-r'
60987.5389,15.1547,0.0490,GIT-g'
60987.5432,14.4596,0.0365,GIT-i'
60987.5475,14.3134,0.0644,GIT-z'
60988.0621,14.1833,0.0602,WINTER-J
60988.0871,14.2071,0.1546,WINTER-Hs
60988.1822,15.1144,0.0204,ZTF-g
60988.1822,15.1144,0.0204,ZTF-g
60988.3028,14.6459,0.0222,ZTF-r
60988.3028,14.6459,0.0222,ZTF-r
60988.3308,15.1397,0.0215,ZTF-g
60988.3308,15.1397,0.0215,ZTF-g
60988.3312,15.1470,0.0192,ZTF-g
60988.3312,15.1470,0.0192,ZTF-g
60988.5292,14.6531,0.0440,GIT-r'
60988.5377,15.1261,0.0407,GIT-g'
60988.5420,14.4401,0.0517,GIT-i'
60988.5463,14.3480,0.0678,GIT-z'
60989.2038,13.7331,0.0117,WINTER-Hs
60989.2515,18.8296,0.0897,UVOT-UVW1
60989.2515,18.7684,0.0780,UVOT-UVW1
60989.2541,20.0969,0.1342,UVOT-UVW2
60989.2541,20.0641,0.1216,UVOT-UVW2
60989.3030,15.1686,0.0211,ZTF-g
60989.3030,15.1686,0.0211,ZTF-g
60989.3034,15.1714,0.0185,ZTF-g
60989.3034,15.1714,0.0185,ZTF-g
60989.3516,20.5354,0.1682,UVOT-UVM2
60989.3516,20.5727,0.1680,UVOT-UVM2
60989.6949,15.1431,0.0499,GIT-g'
60989.6993,14.6525,0.0558,GIT-r'
60989.7037,14.4362,0.0687,GIT-i'
60990.0890,18.9439,0.1175,UVOT-UVW1
60990.0890,18.9220,0.1112,UVOT-UVW1
60990.0912,20.3722,0.1751,UVOT-UVW2
60990.0912,20.4951,0.1904,UVOT-UVW2
60990.0935,20.6138,0.1962,UVOT-UVM2
60990.0935,20.6525,0.2093,UVOT-UVM2
60990.1223,16.7428,0.0417,SEDM-u
60990.1318,14.3368,0.0115,SEDM-i
60990.2015,15.1627,0.0262,ZTF-g
60990.2015,15.1627,0.0262,ZTF-g
60990.2534,14.7322,0.0276,ZTF-r
60990.2534,14.7322,0.0276,ZTF-r
60991.1704,14.1389,0.0074,WINTER-J
60992.2023,14.5713,0.0487,ZTF-r
60992.2023,14.5713,0.0487,ZTF-r
60992.2291,15.1967,0.0495,ZTF-g
60992.3775,14.3241,0.0111,SEDM-i
60992.5033,20.2855,0.1483,UVOT-UVW2
60992.5033,20.2259,0.1426,UVOT-UVW2
60992.5107,20.7354,0.1751,UVOT-UVM2
60992.5107,20.6267,0.1575,UVOT-UVM2
60992.5461,14.6245,0.0431,GIT-r'
60992.5505,15.1963,0.0392,GIT-g'
60992.5592,14.4010,0.0691,GIT-i'
60992.6986,19.1359,0.1013,UVOT-UVW1
60992.6986,19.0618,0.0942,UVOT-UVW1
60993.5395,14.1930,0.0540,GIT-z'
60993.5439,14.6445,0.0636,GIT-r'
60993.5482,15.2526,0.0619,GIT-g'
60993.5568,14.3688,0.0430,GIT-i'
60993.9246,19.1390,0.0931,UVOT-UVW1
60993.9296,21.2506,0.1836,UVOT-UVM2
60994.5466,14.6624,0.0552,GIT-r'
60994.5509,15.2000,0.0369,GIT-g'
60994.5595,14.3906,0.0591,GIT-i'
60995.5385,14.1807,0.0515,GIT-z'
60995.5428,14.5893,0.0449,GIT-r'
60995.7822,14.3104,0.0738,GIT-i'
60996.5956,14.2233,0.0691,GIT-z'
60996.6000,14.5868,0.0361,GIT-r'
60996.6044,15.2999,0.0409,GIT-g'
60996.6131,14.3305,0.0564,GIT-i'
60998.5756,14.1104,0.0480,GIT-z'
60998.5843,15.3021,0.0345,GIT-g'
60998.5886,14.5641,0.0281,GIT-r'
60998.5929,14.2609,0.0798,GIT-i'
60999.5241,14.1204,0.1229,GIT-z'
60999.5329,15.3353,0.0436,GIT-g'
60999.5372,14.6272,0.0568,GIT-r'
60999.5415,14.2833,0.0311,GIT-i'
61000.5628,14.1390,0.0450,GIT-z'
61000.5671,14.6452,0.0567,GIT-r'
61000.5759,14.2886,0.0396,GIT-i'
61000.5802,15.4086,0.0656,GIT-g'
61001.6224,14.5527,0.0810,GIT-r'
61001.7432,14.0728,0.0721,GIT-z'
61001.7475,14.5605,0.0560,GIT-r'
61001.7562,14.2589,0.0430,GIT-i'
61001.7605,15.3678,0.0521,GIT-g'
61002.8340,14.1472,0.0480,GIT-z'
61002.8383,14.5511,0.0294,GIT-r'
61003.7159,14.1040,0.1160,GIT-z'
61003.7202,14.5279,0.0733,GIT-r'
61003.7289,14.2395,0.0382,GIT-i'
61003.7332,15.3965,0.0621,GIT-g'
61004.1805,15.4038,0.0288,ZTF-g
61004.1805,15.4038,0.0288,ZTF-g
61004.2144,14.5797,0.0284,ZTF-r
61004.2144,14.5797,0.0284,ZTF-r
61006.1742,14.4739,0.0159,ZTF-r
61006.1742,14.4739,0.0159,ZTF-r
61006.2388,14.4688,0.0323,ZTF-r
61006.2388,14.4688,0.0323,ZTF-r
61006.2392,14.4895,0.0226,ZTF-r
61006.2392,14.4895,0.0226,ZTF-r
61006.2623,15.4033,0.0235,ZTF-g
61006.2623,15.4033,0.0235,ZTF-g
61006.3713,14.4487,0.0192,ZTF-r
61006.3713,14.4487,0.0192,ZTF-r
61006.7962,14.1024,0.0504,GIT-z'
61007.2219,14.4689,0.0296,ZTF-r
61007.2219,14.4689,0.0296,ZTF-r
61007.2223,14.4598,0.0344,ZTF-r
61008.0782,17.6566,0.0292,SEDM-u
61008.0877,14.1571,0.0116,SEDM-i
61008.0924,14.5668,0.0250,ZTF-r
61008.0924,14.5668,0.0250,ZTF-r
61008.1992,15.4721,0.0361,ZTF-g
61008.1992,15.4721,0.0361,ZTF-g
61008.6525,15.4666,0.0349,GIT-g'
61008.6832,14.2342,0.0713,GIT-i'
61010.0990,14.5398,0.0302,ZTF-r
61010.0990,14.5398,0.0302,ZTF-r
61010.2086,15.4656,0.0328,ZTF-g
61010.2086,15.4656,0.0328,ZTF-g
61010.7912,15.4572,0.0328,GIT-g'
61010.7955,14.1859,0.0441,GIT-i'
61010.7998,14.5546,0.0650,GIT-r'
61010.8085,14.0452,0.0940,GIT-z'
61011.8061,15.3673,0.0722,GIT-g'
61011.8147,14.5643,0.0758,GIT-r'
61012.0796,13.7520,0.0502,WINTER-J
61012.1045,13.7587,0.0894,WINTER-Hs
61013.1542,14.4162,0.0233,ZTF-r
61013.1542,14.4162,0.0233,ZTF-r
61013.1640,13.7767,0.0906,WINTER-Hs
61013.2458,15.5775,0.0216,ZTF-g
61013.2458,15.5775,0.0216,ZTF-g
61014.7266,15.5426,0.0517,GIT-g'
61014.7309,14.1690,0.0602,GIT-i'
61014.7352,14.5457,0.0443,GIT-r'
61015.1448,14.4520,0.0247,ZTF-r
61015.1448,14.4520,0.0247,ZTF-r
61015.1997,15.5516,0.0272,ZTF-g
61015.1997,15.5516,0.0272,ZTF-g
61016.0813,13.6646,0.0537,WINTER-J
61016.1066,13.7342,0.0655,WINTER-Hs
61016.7779,15.5513,0.0566,GIT-g'
61016.7822,14.1418,0.0793,GIT-i'
61016.7865,14.5485,0.0603,GIT-r'
61017.0684,13.6274,0.0835,WINTER-J
61017.0931,13.7318,0.0658,WINTER-Hs
61017.1179,15.5966,0.0396,ZTF-g
61017.1739,14.5761,0.0298,ZTF-r
61017.1739,14.5761,0.0298,ZTF-r
61018.0786,17.9872,0.0545,SEDM-u
61018.0881,14.0196,0.0103,SEDM-i
61018.0921,13.5513,0.0688,WINTER-J
61018.7155,13.8337,0.1414,GIT-z'
61018.7199,14.0917,0.0519,GIT-i'
61019.2541,13.5084,0.0788,WINTER-J
61020.1703,15.6145,0.0296,ZTF-g
61020.1703,15.6145,0.0296,ZTF-g
61020.2165,14.5701,0.0211,ZTF-r
61020.2165,14.5701,0.0211,ZTF-r
61021.2190,13.5539,0.0580,WINTER-J
61021.2442,13.6246,0.0658,WINTER-Hs
61022.1183,14.4758,0.0306,ZTF-r
61022.1183,14.4758,0.0306,ZTF-r
61022.1516,15.6120,0.0398,ZTF-g
61022.1516,15.6120,0.0398,ZTF-g
61023.0695,13.5445,0.0515,WINTER-J
61023.0948,13.6147,0.0702,WINTER-Hs
61023.6353,15.6098,0.0567,GIT-g'
61024.1140,15.7047,0.0373,ZTF-g
61024.1140,15.7047,0.0373,ZTF-g
61024.1593,14.4974,0.0227,ZTF-r
61024.1593,14.4974,0.0227,ZTF-r
61024.2017,13.5722,0.0367,WINTER-J
61024.2265,13.6246,0.0536,WINTER-Hs
61024.6804,13.8496,0.1115,GIT-z'
61024.6850,14.0466,0.0495,GIT-i'
61024.7132,14.4832,0.0902,GIT-r'
61024.7178,15.5795,0.0504,GIT-g'
61025.6164,15.5603,0.0385,GIT-g'
61025.6254,14.4482,0.0479,GIT-r'
61025.6298,14.0423,0.0677,GIT-i'
61026.1001,13.3796,0.0086,WINTER-Hs
61026.1171,14.4582,0.0393,ZTF-r
61026.1171,14.4582,0.0393,ZTF-r
61026.1660,15.6422,0.0415,ZTF-g
61026.1660,15.6422,0.0415,ZTF-g
61027.2709,13.4654,0.0505,WINTER-J
61027.2956,13.5616,0.0618,WINTER-Hs
61028.1788,15.7386,0.0315,ZTF-g
61028.1788,15.7386,0.0315,ZTF-g
61028.2361,14.5297,0.0292,ZTF-r
61028.2361,14.5297,0.0292,ZTF-r
61028.6730,14.4651,0.0439,GIT-r'
61028.6818,15.6329,0.0442,GIT-g'
61028.6862,14.0989,0.0561,GIT-i'
61028.6908,13.8504,0.1262,GIT-z'
61029.1425,13.5061,0.0392,WINTER-J
61029.1674,13.5966,0.0670,WINTER-Hs
61030.1644,14.5414,0.0316,ZTF-r
61030.1644,14.5414,0.0316,ZTF-r
61030.1996,15.7814,0.0308,ZTF-g
61030.1996,15.7814,0.0308,ZTF-g
61031.8980,14.9611,0.0464,SPHEREx-W2
61032.5603,13.9647,0.0638,GIT-i'
61032.6182,14.4563,0.0659,GIT-r'
61032.6226,15.6318,0.0599,GIT-g'
61035.6292,15.6901,0.0394,GIT-g'
61035.6336,14.0016,0.0654,GIT-i'
61035.6380,14.4409,0.0498,GIT-r'
61035.6424,13.8134,0.1236,GIT-z'
61036.6664,15.7088,0.0370,GIT-g'
61036.6708,14.1137,0.0469,GIT-i'
61036.6752,14.5014,0.0410,GIT-r'
61036.6796,13.8928,0.0689,GIT-z'
61037.6800,14.2911,0.0163,SPHEREx-W1
61038.0899,13.9711,0.0239,SEDM-i
61038.0899,13.9984,0.0465,SEDM-i
61038.0926,18.4947,0.0918,SEDM-u
61038.1772,15.7532,0.0274,ZTF-g
61038.1772,15.7532,0.0274,ZTF-g
61038.2006,13.4887,0.2136,WINTER-Hs
61038.2210,14.3364,0.0191,ZTF-r
61038.2210,14.3364,0.0191,ZTF-r
61038.5480,13.6207,0.0516,GIT-z'
61039.5338,14.0237,0.0346,GIT-i'
61039.5384,14.4554,0.0335,GIT-r'
61042.5663,14.4717,0.0415,GIT-r'
61042.5707,15.7426,0.0458,GIT-g'
61043.5917,14.0520,0.0597,GIT-i'
61043.6007,14.4831,0.0676,GIT-r'
61043.6051,15.7660,0.0657,GIT-g'
61044.5372,14.0418,0.0631,GIT-i'
61044.5463,14.5071,0.0459,GIT-r'
61044.5507,15.7842,0.0447,GIT-g'
61049.0863,13.3400,0.0334,WINTER-J
61049.0976,14.3786,0.0251,ZTF-r
61049.0976,14.3786,0.0251,ZTF-r
61049.1359,13.3768,0.0740,WINTER-Hs
61049.1419,15.8948,0.0273,ZTF-g
61049.1419,15.8948,0.0273,ZTF-g
61049.5547,14.5042,0.0592,GIT-r'
61049.5591,14.0339,0.0431,GIT-i'
61049.5634,13.7246,0.0455,GIT-z'
61049.5679,15.8356,0.0426,GIT-g'
61050.0753,13.3809,0.0639,WINTER-J
61050.1001,13.3709,0.0637,WINTER-Hs
61050.5692,14.0521,0.0953,GIT-i'
61050.5736,13.7585,0.1823,GIT-z'
61050.5914,15.8579,0.0508,GIT-g'
61051.0824,13.1821,0.0864,WINTER-J
61051.1071,13.0201,0.0890,WINTER-Hs
61051.2598,14.4018,0.0162,ZTF-r
61051.2598,14.4018,0.0162,ZTF-r
61051.5594,14.4937,0.0714,GIT-r'
61051.5640,13.9971,0.0868,GIT-i'
61051.5730,15.8617,0.0687,GIT-g'
61053.1179,15.9116,0.0229,ZTF-g
61053.1179,15.9116,0.0229,ZTF-g
61053.1563,19.0860,0.1860,SEDM-u
61053.1658,13.9957,0.0491,SEDM-i
61053.1658,13.9842,0.0134,SEDM-i
61053.2002,14.3516,0.0211,ZTF-r
61053.2002,14.3516,0.0211,ZTF-r
61055.1163,14.4438,0.0191,ZTF-r
61055.1163,14.4438,0.0191,ZTF-r
61055.1640,15.9658,0.0293,ZTF-g
61055.1640,15.9658,0.0293,ZTF-g
61057.1138,14.3801,0.0166,ZTF-r
61057.1138,14.3801,0.0166,ZTF-r
61057.1656,15.9531,0.0307,ZTF-g
61057.1656,15.9531,0.0307,ZTF-g
61059.1192,16.1225,0.0336,ZTF-g
61059.1192,16.1225,0.0336,ZTF-g
61059.1561,14.6443,0.0271,ZTF-r
61059.1561,14.6443,0.0271,ZTF-r
61061.1136,16.1495,0.0357,ZTF-g
61061.1136,16.1495,0.0357,ZTF-g
61061.1604,14.7729,0.0340,ZTF-r
61061.1604,14.7729,0.0340,ZTF-r
61061.2059,19.1795,0.1529,SEDM-u
61061.2154,14.2514,0.0405,SEDM-i
61061.2154,14.1914,0.0119,SEDM-i
61061.2428,13.3613,0.0530,WINTER-J
61066.1127,14.5622,0.0341,SEDM-i
61066.1127,14.4994,0.0366,SEDM-i
61066.1344,16.5498,0.0483,ZTF-g
61066.1344,16.5498,0.0483,ZTF-g
61067.1959,13.5822,0.0796,WINTER-J
61068.0956,13.5397,0.1415,WINTER-J
61068.1190,13.6661,0.1735,WINTER-Hs
61068.1205,15.1065,0.0700,ZTF-r
61068.1205,15.1065,0.0700,ZTF-r
61069.0896,13.5737,0.0540,WINTER-J
61069.1144,13.6186,0.0862,WINTER-Hs
61070.1150,14.6518,0.0520,SEDM-i
61070.1150,14.5935,0.0236,SEDM-i
61070.1350,13.6407,0.0564,WINTER-Hs
61070.1545,15.1273,0.0186,ZTF-r
61070.1545,15.1273,0.0186,ZTF-r
61072.1610,15.2972,0.0305,ZTF-r
61072.1610,15.2972,0.0306,ZTF-r
61074.1797,15.2417,0.0270,ZTF-r
61074.1797,15.2417,0.0270,ZTF-r
61076.1643,16.8798,0.0369,ZTF-g
61076.1643,16.8798,0.0369,ZTF-g
61079.0863,13.7642,0.0606,WINTER-J
61079.1165,14.8587,0.0593,SEDM-i
61079.1165,14.7990,0.0106,SEDM-i
61079.1250,16.9680,0.0468,ZTF-g
61079.1250,16.9680,0.0468,ZTF-g
61079.1353,13.8076,0.0943,WINTER-Hs
61079.1360,15.4384,0.0268,ZTF-r
61079.1360,15.4384,0.0268,ZTF-r
61080.0993,13.8160,0.0539,WINTER-J
61080.1482,13.8306,0.1011,WINTER-Hs
61081.0997,13.8745,0.2613,WINTER-J
61085.1876,13.8053,0.0771,WINTER-J
61086.1025,13.8196,0.0559,WINTER-J
61086.1514,14.0910,0.2654,WINTER-Hs
61086.1869,17.1261,0.0688,ZTF-g
